name,team,sport,league,duplicate_count,kept_index,removed_indices
Ben Winterburn,Bournemouth,Football,EPL,2,57,[24163]
Carlos Vinícius,Fulham,Football,EPL,2,60,[24325]
Pablo Sarabia,Wolves,Football,EPL,2,80,[24638]
J. Matip,Liverpool,Football,EPL,2,100,[1960]
Thiago Alcântara,Liverpool,Football,EPL,2,101,[1961]
Diogo Jota,Liverpool,Football,EPL,3,102,"[1962, 24414]"
C. Ramsay,Liverpool,Football,EPL,2,103,[1963]
Thomas Daniel Hill,Liverpool,Football,EPL,2,104,[1964]
James Barry Norris,Liverpool,Football,EPL,2,105,[1965]
O. Beck,Liverpool,Football,EPL,2,106,[1966]
V. Jaroš,Liverpool,Football,EPL,2,107,[1967]
H. Davies,Liverpool,Football,EPL,2,108,[1968]
James Balagizi,Liverpool,Football,EPL,2,109,[1969]
Mateusz Konrad Musiałowski,Liverpool,Football,EPL,2,110,[1970]
L. Chambers,Liverpool,Football,EPL,2,111,[1971]
Kaide Gordon,Liverpool,Football,EPL,2,112,[1972]
J. McConnell,Liverpool,Football,EPL,2,113,[1973]
Fabian Mrozek,Liverpool,Football,EPL,2,114,[1974]
C. Scanlon,Liverpool,Football,EPL,2,115,[1975]
Stefan Bajčetić,Liverpool,Football,EPL,2,116,[1976]
B. Clark,Liverpool,Football,EPL,2,117,[1977]
Trent Toure Kone Doherty,Liverpool,Football,EPL,2,118,[1978]
R. Young,Liverpool,Football,EPL,2,119,[1979]
Juan Larios,Southampton,Football,EPL,2,135,[24549]
T. Partey,Arsenal,Football,EPL,2,140,[1980]
Cédric Soares,Arsenal,Football,EPL,2,141,[1981]
Mohamed Elneny,Arsenal,Football,EPL,2,142,[1982]
Jorginho,Arsenal,Football,EPL,3,143,"[1983, 24118]"
T. Tomiyasu,Arsenal,Football,EPL,2,144,[1984]
Nuno Tavares,Arsenal,Football,EPL,2,145,[1985]
N. Butler-Oyedeji,Arsenal,Football,EPL,2,146,[1986]
O. Rekik,Arsenal,Football,EPL,2,147,[1987]
S. Oulad M&apos;Hand,Arsenal,Football,EPL,2,148,[1988]
M. Biereth,Arsenal,Football,EPL,2,149,[1989]
Jack Henry-Francis,Arsenal,Football,EPL,2,150,[1990]
James Lannin-Sweet,Arsenal,Football,EPL,2,151,[1991]
Mauro Bandeira,Arsenal,Football,EPL,2,152,[1992]
C. Sagoe,Arsenal,Football,EPL,2,153,[1993]
A. Cozier-Duberry,Arsenal,Football,EPL,2,154,[1994]
R. Walters,Arsenal,Football,EPL,2,155,[1995]
Marquinhos,Arsenal,Football,EPL,2,156,[1996]
J. Gower,Arsenal,Football,EPL,2,157,[1997]
M. Rosiak,Arsenal,Football,EPL,2,158,[1998]
L. Martin,Arsenal,Football,EPL,2,159,[1999]
Carlos Soler,West Ham,Football,EPL,2,220,[24597]
T. Harwood-Bellis,Manchester City,Football,EPL,2,260,[2000]
B. Knight,Manchester City,Football,EPL,2,261,[2001]
F. Burns,Manchester City,Football,EPL,2,262,[2002]
L. Delap,Manchester City,Football,EPL,2,263,[2003]
Yan Couto,Manchester City,Football,EPL,2,264,[2004]
L. Mbete,Manchester City,Football,EPL,2,265,[2005]
C. Doyle,Manchester City,Football,EPL,2,266,[2006]
A. Robertson,Manchester City,Football,EPL,2,267,[2007]
Jadel Katongo,Manchester City,Football,EPL,2,268,[2008]
Joel Tshisanga Ndala,Manchester City,Football,EPL,2,269,[2009]
Tomas Galvez,Manchester City,Football,EPL,2,270,[2010]
L. Samuel,Manchester City,Football,EPL,2,271,[2011]
J. Oboavwoduo,Manchester City,Football,EPL,2,272,[2012]
A. Ahmed Fatah,Manchester City,Football,EPL,2,273,[2013]
Jaden Heskey,Manchester City,Football,EPL,2,274,[2014]
True Grant,Manchester City,Football,EPL,2,275,[2015]
S. Mfuni,Manchester City,Football,EPL,2,276,[2016]
Farid Alfa-Ruprecht,Manchester City,Football,EPL,2,277,[2017]
M. Hudson,Manchester City,Football,EPL,2,278,[2018]
Reigan Heskey,Manchester City,Football,EPL,2,279,[2019]
C. Lenglet,Aston Villa,Football,EPL,2,380,[2020]
N. Zaniolo,Aston Villa,Football,EPL,2,381,[2021]
C. Chambers,Aston Villa,Football,EPL,2,382,[2022]
K. Hause,Aston Villa,Football,EPL,2,383,[2023]
Douglas Luiz,Aston Villa,Football,EPL,2,384,[2024]
F. Marschall,Aston Villa,Football,EPL,2,385,[2025]
L. Dobbin,Aston Villa,Football,EPL,2,386,[2026]
L. Barry,Aston Villa,Football,EPL,2,387,[2027]
S. Revan,Aston Villa,Football,EPL,2,388,[2028]
J. Wright,Aston Villa,Football,EPL,2,389,[2029]
L. Sousa,Aston Villa,Football,EPL,2,390,[2030]
T. Iroegbunam,Aston Villa,Football,EPL,2,391,[2031]
Finley Munroe,Aston Villa,Football,EPL,2,392,[2032]
Kobei Moore,Aston Villa,Football,EPL,2,393,[2033]
Joshua Feeney,Aston Villa,Football,EPL,2,394,[2034]
K. Young,Aston Villa,Football,EPL,2,395,[2035]
O. Kellyman,Aston Villa,Football,EPL,2,396,[2036]
J. Jimoh,Aston Villa,Football,EPL,2,397,[2037]
B. Burrows,Aston Villa,Football,EPL,2,398,[2038]
L. Emery,Aston Villa,Football,EPL,2,399,[2039]
João Félix,Barcelona,Football,LaLiga,2,400,[2600]
João Cancelo,Barcelona,Football,LaLiga,2,401,[2601]
Marcos Alonso,Barcelona,Football,LaLiga,2,402,[2602]
J. Araujo,Barcelona,Football,LaLiga,2,403,[2603]
Ansu Fati,Barcelona,Football,LaLiga,3,404,"[2604, 27196]"
Aleix Garrido,Barcelona,Football,LaLiga,2,405,[2605]
Ander Astralaga,Barcelona,Football,LaLiga,2,406,[2606]
Dani Rodríguez,Barcelona,Football,LaLiga,2,407,[2607]
Héctor Fort,Barcelona,Football,LaLiga,3,408,"[2608, 27205]"
Á. Yaakobishvili,Barcelona,Football,LaLiga,2,409,[2609]
Marc Guiu,Barcelona,Football,LaLiga,2,410,[2610]
Sergi Domínguez,Barcelona,Football,LaLiga,2,411,[2611]
Pau Prim,Barcelona,Football,LaLiga,2,412,[2612]
Alexis Olmedo,Barcelona,Football,LaLiga,2,413,[2613]
Álvaro Cortés Moyano,Barcelona,Football,LaLiga,2,414,[2614]
Guille Fernández,Barcelona,Football,LaLiga,2,415,[2615]
Andrés Cuenca,Barcelona,Football,LaLiga,2,416,[2616]
Toni Fernández,Barcelona,Football,LaLiga,2,417,[2617]
Landry Cephas,Barcelona,Football,LaLiga,2,418,[2618]
Quim Junyent,Barcelona,Football,LaLiga,2,419,[2619]
Borja Garcés,Atletico Madrid,Football,LaLiga,3,420,"[2620, 27172]"
Víctor Mollejo,Atletico Madrid,Football,LaLiga,2,421,[2621]
Gabriel Paulista,Atletico Madrid,Football,LaLiga,2,422,[2622]
Marcos Paulo,Atletico Madrid,Football,LaLiga,2,423,[2623]
Germán Valera,Atletico Madrid,Football,LaLiga,2,424,[2624]
Marco Moreno,Atletico Madrid,Football,LaLiga,2,425,[2625]
Mini,Atletico Madrid,Football,LaLiga,2,426,[2626]
Pablo Pérez,Atletico Madrid,Football,LaLiga,2,427,[2627]
Álex Calatrava,Atletico Madrid,Football,LaLiga,2,428,[2628]
Adrián Corral,Atletico Madrid,Football,LaLiga,2,429,[2629]
Sergio Díez,Atletico Madrid,Football,LaLiga,2,430,[2630]
Javier Boñar,Atletico Madrid,Football,LaLiga,2,431,[2631]
Luis Miguel Morales Carnicero,Atletico Madrid,Football,LaLiga,2,432,[2632]
Samu,Atletico Madrid,Football,LaLiga,2,433,[2633]
David Muñoz Torres,Atletico Madrid,Football,LaLiga,2,434,[2634]
A. Raihani,Atletico Madrid,Football,LaLiga,2,435,[2635]
Dani MartÃ­nez,Atletico Madrid,Football,LaLiga,2,436,[2636]
Daniel Muñoz,Atletico Madrid,Football,LaLiga,2,437,[2637]
Taufik Seidu,Atletico Madrid,Football,LaLiga,2,438,[2638]
Dani Rubio,Atletico Madrid,Football,LaLiga,2,439,[2639]
Raúl Albiol,Villarreal,Football,LaLiga,2,481,[27636]
Álex Muñoz,Las Palmas,Football,LaLiga,2,506,[27322]
Stefan Bajčetić,Las Palmas,Football,LaLiga,2,517,[27347]
Suso,Sevilla,Football,LaLiga,2,525,[27522]
Jaílson,Celta Vigo,Football,LaLiga,2,560,[27234]
Javier Manquillo,Celta Vigo,Football,LaLiga,2,564,[27236]
Iago Aspas,Celta Vigo,Football,LaLiga,2,566,[27230]
Damián Rodríguez,Celta Vigo,Football,LaLiga,2,575,[27225]
Pablo Durán,Celta Vigo,Football,LaLiga,2,578,[27240]
Brian Oliván,Espanyol,Football,LaLiga,2,584,[27248]
Salvi,Espanyol,Football,LaLiga,2,585,[27265]
Álvaro Aguado,Espanyol,Football,LaLiga,2,588,[27246]
Fernando Pacheco,Espanyol,Football,LaLiga,2,589,[27252]
Nacho,Real Madrid,Football,LaLiga,2,600,[2640]
T. Kroos,Real Madrid,Football,LaLiga,2,601,[2641]
Kepa,Real Madrid,Football,LaLiga,2,602,[2642]
Reinier,Real Madrid,Football,LaLiga,2,603,[2643]
Joselu,Real Madrid,Football,LaLiga,2,604,[2644]
Pablo Ramón,Real Madrid,Football,LaLiga,2,605,[2645]
Luis López,Real Madrid,Football,LaLiga,2,606,[2646]
T. Zidane,Real Madrid,Football,LaLiga,2,607,[2647]
Mario de Luis,Real Madrid,Football,LaLiga,2,608,[2648]
Lucas Cañizares,Real Madrid,Football,LaLiga,2,609,[2649]
Rafa Marín,Real Madrid,Football,LaLiga,2,610,[2650]
Álvaro Carrillo,Real Madrid,Football,LaLiga,2,611,[2651]
Peter,Real Madrid,Football,LaLiga,2,612,[2652]
Vinícius Tobias,Real Madrid,Football,LaLiga,2,613,[2653]
Edgar Pujol,Real Madrid,Football,LaLiga,2,614,[2654]
Diego Piñeiro,Real Madrid,Football,LaLiga,2,615,[2655]
Á. Rodríguez,Real Madrid,Football,LaLiga,2,616,[2656]
J. de León,Real Madrid,Football,LaLiga,2,617,[2657]
César Palacios,Real Madrid,Football,LaLiga,2,618,[2658]
Joan Martínez,Real Madrid,Football,LaLiga,2,619,[2659]
Arthur,Girona,Football,LaLiga,2,680,[2660]
Eric García,Girona,Football,LaLiga,2,681,[2661]
Pau López,Girona,Football,LaLiga,3,682,"[2662, 27314]"
C. Stuani,Girona,Football,LaLiga,2,683,[2663]
A. Dovbyk,Girona,Football,LaLiga,2,684,[2664]
Borja García,Girona,Football,LaLiga,2,685,[2665]
Aleix García,Girona,Football,LaLiga,2,686,[2666]
Toni Fuidias,Girona,Football,LaLiga,2,687,[2667]
Arnau Ortiz,Girona,Football,LaLiga,2,688,[2668]
Yan Couto,Girona,Football,LaLiga,2,689,[2669]
I. Kebe,Girona,Football,LaLiga,2,690,[2670]
I. Chaira,Girona,Football,LaLiga,2,691,[2671]
Sávio,Girona,Football,LaLiga,2,692,[2672]
Pablo Torre,Girona,Football,LaLiga,2,693,[2673]
Oscar Ureña,Girona,Football,LaLiga,2,694,[2674]
Iker Garcia,Girona,Football,LaLiga,2,695,[2675]
Carles Garrido,Girona,Football,LaLiga,2,696,[2676]
Alex Almansa,Girona,Football,LaLiga,2,697,[2677]
Antonino,Girona,Football,LaLiga,2,698,[2678]
J. Arango,Girona,Football,LaLiga,2,699,[2679]
Luis Pérez,Valladolid,Football,LaLiga,2,725,[27576]
Jordi Masip,Valladolid,Football,LaLiga,2,726,[27571]
Unai García,Osasuna,Football,LaLiga,2,740,[27427]
Kike Barja,Osasuna,Football,LaLiga,2,743,[27418]
Rubén Peña,Osasuna,Football,LaLiga,2,745,[27425]
Aimar Oroz,Osasuna,Football,LaLiga,2,748,[27405]
Pablo Ibáñez,Osasuna,Football,LaLiga,2,749,[27422]
Raúl García,Osasuna,Football,LaLiga,2,750,[27423]
Iker Muñoz,Osasuna,Football,LaLiga,2,751,[27411]
Bryan Zaragoza,Osasuna,Football,LaLiga,2,755,[27409]
Abdón Prats,Mallorca,Football,LaLiga,2,785,[27376]
Valery,Mallorca,Football,LaLiga,2,786,[27402]
Samú Costa,Mallorca,Football,LaLiga,2,789,[27398]
Chiquinho,Mallorca,Football,LaLiga,2,790,[27379]
Javi Llabrés,Mallorca,Football,LaLiga,2,793,[27387]
T. Müller,Bayern München,Football,Bundesliga,2,800,[2120]
L. Sané,Bayern München,Football,Bundesliga,2,801,[2121]
B. Sarr,Bayern München,Football,Bundesliga,2,802,[2122]
M. Tillman,Bayern München,Football,Bundesliga,2,803,[2123]
J. Schenk,Bayern München,Football,Bundesliga,2,804,[2124]
L. Denk,Bayern München,Football,Bundesliga,2,805,[2125]
T. Hülsmann,Bayern München,Football,Bundesliga,2,806,[2126]
Bryan Zaragoza,Bayern München,Football,Bundesliga,2,807,[2127]
J. Janitzek,Bayern München,Football,Bundesliga,2,808,[2128]
P. Wanner,Bayern München,Football,Bundesliga,2,809,[2129]
Olof Matteo Perez Vinlöf,Bayern München,Football,Bundesliga,2,810,[2130]
Jonathan Asp Jensen,Bayern München,Football,Bundesliga,2,811,[2131]
Vincent Manuba,Bayern München,Football,Bundesliga,2,812,[2132]
Benedikt Wimmer,Bayern München,Football,Bundesliga,2,813,[2133]
Grayson Dettoni,Bayern München,Football,Bundesliga,2,814,[2134]
M. Scholze,Bayern München,Football,Bundesliga,2,815,[2135]
Javier Fernández González,Bayern München,Football,Bundesliga,2,816,[2136]
Adin Ličina,Bayern München,Football,Bundesliga,2,817,[2137]
Mudaser Sadat,Bayern München,Football,Bundesliga,2,818,[2138]
Michael Scott,Bayern München,Football,Bundesliga,2,819,[2139]
André Silva,Werder Bremen,Football,Bundesliga,2,860,[28083]
M. Wolf,Borussia Dortmund,Football,Bundesliga,2,920,[2140]
T. Meunier,Borussia Dortmund,Football,Bundesliga,2,921,[2141]
M. Hummels,Borussia Dortmund,Football,Bundesliga,2,922,[2142]
E. Can,Borussia Dortmund,Football,Bundesliga,2,923,[2143]
J. Brandt,Borussia Dortmund,Football,Bundesliga,2,924,[2144]
S. Haller,Borussia Dortmund,Football,Bundesliga,2,925,[2145]
K. Adeyemi,Borussia Dortmund,Football,Bundesliga,2,926,[2146]
P. Groß,Borussia Dortmund,Football,Bundesliga,2,927,[2147]
S. Guirassy,Borussia Dortmund,Football,Bundesliga,2,928,[2148]
M. Beier,Borussia Dortmund,Football,Bundesliga,2,929,[2149]
Y. Moukoko,Borussia Dortmund,Football,Bundesliga,2,930,[2150]
S. Coulibaly,Borussia Dortmund,Football,Bundesliga,2,931,[2151]
F. Roggow,Borussia Dortmund,Football,Bundesliga,2,932,[2152]
R. Elongo-Yombo,Borussia Dortmund,Football,Bundesliga,2,933,[2153]
J. Hettwer,Borussia Dortmund,Football,Bundesliga,2,934,[2154]
William Cole Campbell,Borussia Dortmund,Football,Bundesliga,2,935,[2155]
Hendry Aron Blank,Borussia Dortmund,Football,Bundesliga,2,936,[2156]
J. Duranville,Borussia Dortmund,Football,Bundesliga,2,937,[2157]
Paris Josua  Brunner,Borussia Dortmund,Football,Bundesliga,2,938,[2158]
Tyler Louis Meiser,Borussia Dortmund,Football,Bundesliga,2,939,[2159]
P. Schick,Bayer Leverkusen,Football,Bundesliga,2,960,[2160]
N. Mukiele,Bayer Leverkusen,Football,Bundesliga,2,961,[2161]
S. Azmoun,Bayer Leverkusen,Football,Bundesliga,2,962,[2162]
Hermoso,Bayer Leverkusen,Football,Bundesliga,2,963,[2163]
V. Boniface,Bayer Leverkusen,Football,Bundesliga,2,964,[2164]
O. Kossounou,Bayer Leverkusen,Football,Bundesliga,2,965,[2165]
A. Hložek,Bayer Leverkusen,Football,Bundesliga,2,966,[2166]
A. Adli,Bayer Leverkusen,Football,Bundesliga,2,967,[2167]
N. Tella,Bayer Leverkusen,Football,Bundesliga,2,968,[2168]
S. Fofana,Bayer Leverkusen,Football,Bundesliga,2,969,[2169]
M. Monamay,Bayer Leverkusen,Football,Bundesliga,2,970,[2170]
I. Maza,Bayer Leverkusen,Football,Bundesliga,2,971,[2171]
Ken Eghosa Gideon Izekor,Bayer Leverkusen,Football,Bundesliga,2,972,[2172]
Kerim-Sam Alajbegović,Bayer Leverkusen,Football,Bundesliga,2,973,[2173]
A. Sarco,Bayer Leverkusen,Football,Bundesliga,2,974,[2174]
O. Raterink,Bayer Leverkusen,Football,Bundesliga,2,975,[2175]
A. Natali,Bayer Leverkusen,Football,Bundesliga,2,976,[2176]
K. Raterink,Bayer Leverkusen,Football,Bundesliga,2,977,[2177]
B. Hawighorst,Bayer Leverkusen,Football,Bundesliga,2,978,[2178]
S. Rapsch,Bayer Leverkusen,Football,Bundesliga,2,979,[2179]
J. Bruun Larsen,VfB Stuttgart,Football,Bundesliga,2,1020,[2180]
S. Katompa Mvumpa,VfB Stuttgart,Football,Bundesliga,2,1021,[2181]
C. Führich,VfB Stuttgart,Football,Bundesliga,2,1022,[2182]
N. Nartey,VfB Stuttgart,Football,Bundesliga,2,1023,[2183]
A. Karazor,VfB Stuttgart,Football,Bundesliga,2,1024,[2184]
D. Undav,VfB Stuttgart,Football,Bundesliga,2,1025,[2185]
E. Demirović,VfB Stuttgart,Football,Bundesliga,2,1026,[2186]
J. Leweling,VfB Stuttgart,Football,Bundesliga,2,1027,[2187]
A. Rouault,VfB Stuttgart,Football,Bundesliga,2,1028,[2188]
A. Stiller,VfB Stuttgart,Football,Bundesliga,2,1029,[2189]
N. Woltemade,VfB Stuttgart,Football,Bundesliga,2,1030,[2190]
F. Rieder,VfB Stuttgart,Football,Bundesliga,2,1031,[2191]
Y. Keitel,VfB Stuttgart,Football,Bundesliga,2,1032,[2192]
E. Touré,VfB Stuttgart,Football,Bundesliga,2,1033,[2193]
W. Faghir,VfB Stuttgart,Football,Bundesliga,2,1034,[2194]
T. Kastanaras,VfB Stuttgart,Football,Bundesliga,2,1035,[2195]
J. Diehl,VfB Stuttgart,Football,Bundesliga,2,1036,[2196]
R. Paula,VfB Stuttgart,Football,Bundesliga,2,1037,[2197]
Christopher Olivier,VfB Stuttgart,Football,Bundesliga,2,1038,[2198]
Eliot Bujupi,VfB Stuttgart,Football,Bundesliga,2,1039,[2199]
L. Openda,RB Leipzig,Football,Bundesliga,2,1040,[2200]
X. Schlager,RB Leipzig,Football,Bundesliga,2,1041,[2201]
A. Haidara,RB Leipzig,Football,Bundesliga,2,1042,[2202]
K. Kampl,RB Leipzig,Football,Bundesliga,2,1043,[2203]
E. Elmas,RB Leipzig,Football,Bundesliga,2,1044,[2204]
André Silva,RB Leipzig,Football,Bundesliga,2,1045,[2205]
N. Seiwald,RB Leipzig,Football,Bundesliga,2,1046,[2206]
L. Geertruida,RB Leipzig,Football,Bundesliga,2,1047,[2207]
J. Blaswich,RB Leipzig,Football,Bundesliga,2,1048,[2208]
F. Hartmann,RB Leipzig,Football,Bundesliga,2,1049,[2209]
B. Šeško,RB Leipzig,Football,Bundesliga,2,1050,[2210]
Hugo Novoa,RB Leipzig,Football,Bundesliga,2,1051,[2211]
A. Vermeeren,RB Leipzig,Football,Bundesliga,2,1052,[2212]
J. Norbye,RB Leipzig,Football,Bundesliga,2,1053,[2213]
A. Ouédraogo,RB Leipzig,Football,Bundesliga,2,1054,[2214]
T. Gomis,RB Leipzig,Football,Bundesliga,2,1055,[2215]
Robert Ramsak,RB Leipzig,Football,Bundesliga,3,1056,"[2216, 27986]"
Jamie Schuldes,RB Leipzig,Football,Bundesliga,2,1057,[2217]
V. Gebel,RB Leipzig,Football,Bundesliga,2,1058,[2218]
F. Sakar,RB Leipzig,Football,Bundesliga,2,1059,[2219]
Pedro,Lazio,Football,SerieA,2,1182,[28480]
André Anderson,Lazio,Football,SerieA,2,1185,[28457]
F. Ballo-Touré,AC Milan,Football,SerieA,2,1200,[2500]
D. Origi,AC Milan,Football,SerieA,2,1201,[2501]
A. Mirante,AC Milan,Football,SerieA,2,1202,[2502]
D. Calabria,AC Milan,Football,SerieA,2,1203,[2503]
L. Jović,AC Milan,Football,SerieA,2,1204,[2504]
S. Kjær,AC Milan,Football,SerieA,2,1205,[2505]
T. Abraham,AC Milan,Football,SerieA,2,1206,[2506]
D. Vásquez,AC Milan,Football,SerieA,2,1207,[2507]
D. Maldini,AC Milan,Football,SerieA,2,1208,[2508]
E. Roback,AC Milan,Football,SerieA,2,1209,[2509]
C. De Ketelaere,AC Milan,Football,SerieA,2,1210,[2510]
M. Lazetić,AC Milan,Football,SerieA,2,1211,[2511]
A. Coubiș,AC Milan,Football,SerieA,2,1212,[2512]
Victor Ehuwa Eletu,AC Milan,Football,SerieA,2,1213,[2513]
Kevin Zeroli,AC Milan,Football,SerieA,2,1214,[2514]
A. Bakoune,AC Milan,Football,SerieA,2,1215,[2515]
D. Sia,AC Milan,Football,SerieA,2,1216,[2516]
Andrea  Bartoccioni,AC Milan,Football,SerieA,2,1217,[2517]
A. Bonomi,AC Milan,Football,SerieA,2,1218,[2518]
A. Longoni,AC Milan,Football,SerieA,2,1219,[2519]
Zito Luvumbo,Cagliari,Football,SerieA,2,1232,[28253]
David Neres,Napoli,Football,SerieA,2,1244,[28563]
M. De Sciglio,Juventus,Football,SerieA,2,1300,[2520]
M. Kean,Juventus,Football,SerieA,2,1301,[2521]
H. Nicolussi,Juventus,Football,SerieA,2,1302,[2522]
P. Pogba,Juventus,Football,SerieA,2,1303,[2523]
S. Gori,Juventus,Football,SerieA,2,1304,[2524]
G. Frabotta,Juventus,Football,SerieA,2,1305,[2525]
A. Sersanti,Juventus,Football,SerieA,2,1306,[2526]
M. Olivieri,Juventus,Football,SerieA,2,1307,[2527]
T. Barbieri,Juventus,Football,SerieA,2,1308,[2528]
M. Aké,Juventus,Football,SerieA,2,1309,[2529]
N. Sekulov,Juventus,Football,SerieA,2,1310,[2530]
M. Compagnon,Juventus,Football,SerieA,2,1311,[2531]
T. Muharemović,Juventus,Football,SerieA,2,1312,[2532]
Facundo González,Juventus,Football,SerieA,2,1313,[2533]
L. Comenencia,Juventus,Football,SerieA,2,1314,[2534]
L. Hasa,Juventus,Football,SerieA,2,1315,[2535]
A. Pietrelli,Juventus,Football,SerieA,2,1316,[2536]
N. Rizzo,Juventus,Football,SerieA,2,1317,[2537]
F. Pagnucco,Juventus,Football,SerieA,2,1318,[2538]
A. Montero,Juventus,Football,SerieA,2,1319,[2539]
V. Kovalenko,Atalanta,Football,SerieA,2,1340,[2540]
N. Zaniolo,Atalanta,Football,SerieA,2,1341,[2541]
D. Zapata,Atalanta,Football,SerieA,2,1342,[2542]
Rui Patrício,Atalanta,Football,SerieA,2,1343,[2543]
P. Gollini,Atalanta,Football,SerieA,2,1344,[2544]
H. Hateboer,Atalanta,Football,SerieA,2,1345,[2545]
C. Okoli,Atalanta,Football,SerieA,2,1346,[2546]
R. Tolói,Atalanta,Football,SerieA,2,1347,[2547]
N. Cambiaghi,Atalanta,Football,SerieA,2,1348,[2548]
R. Piccoli,Atalanta,Football,SerieA,2,1349,[2549]
T. Koopmeiners,Atalanta,Football,SerieA,2,1350,[2550]
A. Cortinovis,Atalanta,Football,SerieA,2,1351,[2551]
B. Soppy,Atalanta,Football,SerieA,2,1352,[2552]
G. Cittadini,Atalanta,Football,SerieA,2,1353,[2553]
M. Dajcar,Atalanta,Football,SerieA,2,1354,[2554]
E. Kraja,Atalanta,Football,SerieA,2,1355,[2555]
A. Oliveri,Atalanta,Football,SerieA,2,1356,[2556]
T. Bertini,Atalanta,Football,SerieA,2,1357,[2557]
P. Tornaghi,Atalanta,Football,SerieA,2,1358,[2558]
F. Steffanoni,Atalanta,Football,SerieA,2,1359,[2559]
G. Cangiano,Bologna,Football,SerieA,2,1360,[2560]
D. Calabria,Bologna,Football,SerieA,2,1361,[2561]
R. Freuler,Bologna,Football,SerieA,2,1362,[2562]
M. Arnautović,Bologna,Football,SerieA,2,1363,[2563]
N. Cambiaghi,Bologna,Football,SerieA,2,1364,[2564]
R. Orsolini,Bologna,Football,SerieA,2,1365,[2565]
J. Odgaard,Bologna,Football,SerieA,2,1366,[2566]
K. Bonifazi,Bologna,Football,SerieA,2,1367,[2567]
T. Pobega,Bologna,Football,SerieA,2,1368,[2568]
S. van Hooijdonk,Bologna,Football,SerieA,2,1369,[2569]
J. Karlsson,Bologna,Football,SerieA,2,1370,[2570]
D. Ndoye,Bologna,Football,SerieA,2,1371,[2571]
T. Dallinga,Bologna,Football,SerieA,2,1372,[2572]
N. Pyyhtiä,Bologna,Football,SerieA,2,1373,[2573]
L. Binks,Bologna,Football,SerieA,2,1374,[2574]
S. Castro,Bologna,Football,SerieA,2,1375,[2575]
A. Raimondo,Bologna,Football,SerieA,2,1376,[2576]
N. Bagnolini,Bologna,Football,SerieA,2,1377,[2577]
N. Byar,Bologna,Football,SerieA,2,1378,[2578]
T. Ravaglioli,Bologna,Football,SerieA,2,1379,[2579]
S. Esposito,Inter,Football,SerieA,2,1440,[2580]
J. Correa,Inter,Football,SerieA,2,1441,[2581]
Z. Vanheusden,Inter,Football,SerieA,2,1442,[2582]
M. Arnautović,Inter,Football,SerieA,2,1443,[2583]
G. Oristanio,Inter,Football,SerieA,2,1444,[2584]
Jacopo Gianelli,Inter,Football,SerieA,2,1445,[2585]
F. Stanković,Inter,Football,SerieA,2,1446,[2586]
F. Carboni,Inter,Football,SerieA,2,1447,[2587]
M. Zanotti,Inter,Football,SerieA,2,1448,[2588]
A. Silvestro,Inter,Football,SerieA,2,1449,[2589]
C. Alexiou,Inter,Football,SerieA,2,1450,[2590]
D. Quieto,Inter,Football,SerieA,2,1451,[2591]
L. Topalović,Inter,Football,SerieA,2,1452,[2592]
F. Stante,Inter,Football,SerieA,2,1453,[2593]
M. Spinaccè,Inter,Football,SerieA,2,1454,[2594]
M. Zanchetta,Inter,Football,SerieA,2,1455,[2595]
Mike Aidoo,Inter,Football,SerieA,2,1456,[2596]
Matteo Motta,Inter,Football,SerieA,2,1457,[2597]
A. Taho,Inter,Football,SerieA,2,1458,[2598]
D. Zárate,Inter,Football,SerieA,2,1459,[2599]
Kike Pérez,Venezia,Football,SerieA,2,1489,[28728]
Pepe Reina,Como,Football,SerieA,2,1548,[28288]
Assane Diao,Como,Football,SerieA,2,1553,[28262]
Kevin Zeroli,Monza,Football,SerieA,2,1574,[28541]
S. Umtiti,Lille,Football,Ligue1,2,1600,[2040]
A. Ounas,Lille,Football,Ligue1,2,1601,[2041]
C. Akpom,Lille,Football,Ligue1,2,1602,[2042]
Ivan Cavaleiro,Lille,Football,Ligue1,3,1603,"[2043, 28937]"
V. Vanbaleghem,Lille,Football,Ligue1,2,1604,[2044]
A. Zedadka,Lille,Football,Ligue1,2,1605,[2045]
R. Cabella,Lille,Football,Ligue1,2,1606,[2046]
A. Jakubech,Lille,Football,Ligue1,2,1607,[2047]
G. Gudmundsson,Lille,Football,Ligue1,2,1608,[2048]
Y. Yazıcı,Lille,Football,Ligue1,2,1609,[2049]
V. Mannone,Lille,Football,Ligue1,2,1610,[2050]
T. Negrel,Lille,Football,Ligue1,2,1611,[2051]
J. Bazié,Lille,Football,Ligue1,2,1612,[2052]
Lisandru Olmeta,Lille,Football,Ligue1,2,1613,[2053]
A. Faiz,Lille,Football,Ligue1,2,1614,[2054]
A. Malouda,Lille,Football,Ligue1,2,1615,[2055]
I. Ferrah,Lille,Football,Ligue1,2,1616,[2056]
L. Baret,Lille,Football,Ligue1,2,1617,[2057]
M. Ezzarhouni,Lille,Football,Ligue1,2,1618,[2058]
M. Costarelli,Lille,Football,Ligue1,2,1619,[2059]
Juan Bernat,Paris Saint Germain,Football,Ligue1,2,1720,[2060]
C. Dagba,Paris Saint Germain,Football,Ligue1,2,1721,[2061]
L. Kurzawa,Paris Saint Germain,Football,Ligue1,2,1722,[2062]
Kylian Mbappé,Paris Saint Germain,Football,Ligue1,2,1723,[2063]
K. Navas,Paris Saint Germain,Football,Ligue1,2,1724,[2064]
Sergio Rico,Paris Saint Germain,Football,Ligue1,2,1725,[2065]
A. Letellier,Paris Saint Germain,Football,Ligue1,2,1726,[2066]
X. Simons,Paris Saint Germain,Football,Ligue1,2,1727,[2067]
L. Lavallée,Paris Saint Germain,Football,Ligue1,2,1728,[2068]
A. Kari,Paris Saint Germain,Football,Ligue1,2,1729,[2069]
L. Mouquet,Paris Saint Germain,Football,Ligue1,2,1730,[2070]
I. Housni,Paris Saint Germain,Football,Ligue1,2,1731,[2071]
Yoram\t Zague,Paris Saint Germain,Football,Ligue1,2,1732,[2072]
E. Mbappé,Paris Saint Germain,Football,Ligue1,2,1733,[2073]
Kouakou Joane Gadou,Paris Saint Germain,Football,Ligue1,2,1734,[2074]
Serif Nhaga,Paris Saint Germain,Football,Ligue1,2,1735,[2075]
Naoufel El Hannach,Paris Saint Germain,Football,Ligue1,2,1736,[2076]
I. Mbaye,Paris Saint Germain,Football,Ligue1,2,1737,[2077]
Quentin Ndjantou Mbitcha,Paris Saint Germain,Football,Ligue1,2,1738,[2078]
W. Slama,Paris Saint Germain,Football,Ligue1,2,1739,[2079]
J. Teze,Monaco,Football,Ligue1,2,1740,[2080]
B. Embolo,Monaco,Football,Ligue1,2,1741,[2081]
W. Ben Yedder,Monaco,Football,Ligue1,2,1742,[2082]
M. Camara,Monaco,Football,Ligue1,2,1743,[2083]
M. Boadu,Monaco,Football,Ligue1,2,1744,[2084]
F. Balogun,Monaco,Football,Ligue1,2,1745,[2085]
M. Biereth,Monaco,Football,Ligue1,2,1746,[2086]
F. Lemaréchal,Monaco,Football,Ligue1,2,1747,[2087]
M. Bamba,Monaco,Football,Ligue1,2,1748,[2088]
A. Platret,Monaco,Football,Ligue1,2,1749,[2089]
N. Babaï,Monaco,Football,Ligue1,2,1750,[2090]
S. Magassa,Monaco,Football,Ligue1,2,1751,[2091]
L. Michal,Monaco,Football,Ligue1,2,1752,[2092]
R. Valme,Monaco,Football,Ligue1,2,1753,[2093]
Antonin Cartillier,Monaco,Football,Ligue1,2,1754,[2094]
Malamine Efekele,Monaco,Football,Ligue1,2,1755,[2095]
G. Ilenikhena,Monaco,Football,Ligue1,2,1756,[2096]
Mayssam Benama,Monaco,Football,Ligue1,2,1757,[2097]
J. Bery,Monaco,Football,Ligue1,2,1758,[2098]
A. Bamba,Monaco,Football,Ligue1,2,1759,[2099]
J. Amavi,Stade Brestois 29,Football,Ligue1,2,1840,[2100]
M. Haïdara,Stade Brestois 29,Football,Ligue1,2,1841,[2101]
S. Mounié,Stade Brestois 29,Football,Ligue1,2,1842,[2102]
B. Brahimi,Stade Brestois 29,Football,Ligue1,2,1843,[2103]
J. Martin,Stade Brestois 29,Football,Ligue1,2,1844,[2104]
L. Ajorque,Stade Brestois 29,Football,Ligue1,2,1845,[2105]
A. Dari,Stade Brestois 29,Football,Ligue1,2,1846,[2106]
Mama Baldé,Stade Brestois 29,Football,Ligue1,2,1847,[2107]
A. Lebeau,Stade Brestois 29,Football,Ligue1,2,1848,[2108]
L. Brassier,Stade Brestois 29,Football,Ligue1,2,1849,[2109]
H. Mbock,Stade Brestois 29,Football,Ligue1,2,1850,[2110]
M. Satriano,Stade Brestois 29,Football,Ligue1,2,1851,[2111]
A. N&apos;Diaye,Stade Brestois 29,Football,Ligue1,2,1852,[2112]
D. Konte,Stade Brestois 29,Football,Ligue1,2,1853,[2113]
Antonin Cartillier,Stade Brestois 29,Football,Ligue1,2,1854,[2114]
L. Botz,Stade Brestois 29,Football,Ligue1,2,1855,[2115]
I. Salah,Stade Brestois 29,Football,Ligue1,2,1856,[2116]
T. Le Verge,Stade Brestois 29,Football,Ligue1,2,1857,[2117]
I. Kanté,Stade Brestois 29,Football,Ligue1,2,1858,[2118]
Serigne Diop,Stade Brestois 29,Football,Ligue1,2,1859,[2119]
Mahamadou Diawara,Le Havre,Football,Ligue1,2,1895,[28878]
D. Popa,FCSB,Football,ChampionsLeague,2,2722,[2735]
Ameer Abdullah,Las Vegas Raiders,American-Football,NFL,2,4357,[23328]
Brittain Brown,Las Vegas Raiders,American-Football,NFL,2,4358,[23333]
Sincere McCormick,Las Vegas Raiders,American-Football,NFL,2,4359,[23366]
Zamir White,Las Vegas Raiders,American-Football,NFL,2,4360,[23370]
DJ Turner,Las Vegas Raiders,American-Football,NFL,2,4362,[23340]
Dylan Parham,Las Vegas Raiders,American-Football,NFL,2,4363,[23342]
Kolton Miller,Las Vegas Raiders,American-Football,NFL,2,4364,[23359]
Jakobi Meyers,Las Vegas Raiders,American-Football,NFL,2,4377,[23349]
Kristian Wilkerson,Las Vegas Raiders,American-Football,NFL,2,4378,[23360]
Harrison Bryant,Las Vegas Raiders,American-Football,NFL,2,4384,[23345]
Gardner Minshew,Las Vegas Raiders,American-Football,NFL,2,4386,[23343]
Alexander Mattison,Las Vegas Raiders,American-Football,NFL,2,4400,[23327]
Ramel Keyton,Las Vegas Raiders,American-Football,NFL,2,4411,[23365]
Aidan O'Connell,Las Vegas Raiders,American-Football,NFL,2,4412,[23325]
Michael Mayer,Las Vegas Raiders,American-Football,NFL,2,4416,[23361]
Brock Bowers,Las Vegas Raiders,American-Football,NFL,2,4417,[23334]
Tre Tucker,Las Vegas Raiders,American-Football,NFL,2,4424,[23368]
Dylan Laube,Las Vegas Raiders,American-Football,NFL,2,4440,[23341]
Tyreik McAllister,Las Vegas Raiders,American-Football,NFL,2,4441,[23369]
Travis Etienne Jr.,Jacksonville Jaguars,American-Football,NFL,2,4446,[23274]
Tim Jones,Jacksonville Jaguars,American-Football,NFL,2,4447,[23273]
Christian Kirk,Jacksonville Jaguars,American-Football,NFL,2,4448,[23238]
Evan Engram,Jacksonville Jaguars,American-Football,NFL,2,4450,[23249]
Luke Farrell,Jacksonville Jaguars,American-Football,NFL,2,4451,[23259]
Roy Robertson-Harris,Jacksonville Jaguars,American-Football,NFL,2,4452,[23269]
DaVon Hamilton,Jacksonville Jaguars,American-Football,NFL,2,4453,[23243]
Caleb Johnson,Jacksonville Jaguars,American-Football,NFL,2,4455,[23233]
Devin Lloyd,Jacksonville Jaguars,American-Football,NFL,2,4456,[23246]
Chad Muma,Jacksonville Jaguars,American-Football,NFL,2,4457,[23236]
Montaric Brown,Jacksonville Jaguars,American-Football,NFL,2,4461,[23264]
Andre Cisco,Jacksonville Jaguars,American-Football,NFL,2,4463,[23225]
Logan Cooke,Jacksonville Jaguars,American-Football,NFL,2,4466,[23258]
Ross Matiscik,Jacksonville Jaguars,American-Football,NFL,2,4467,[23268]
Mac Jones,Jacksonville Jaguars,American-Football,NFL,2,4468,[23262]
Devin Duvernay,Jacksonville Jaguars,American-Football,NFL,2,4470,[23245]
D'Ernest Johnson,Jacksonville Jaguars,American-Football,NFL,2,4474,[23241]
Blake Hance,Jacksonville Jaguars,American-Football,NFL,2,4478,[23229]
Arik Armstead,Jacksonville Jaguars,American-Football,NFL,2,4479,[23228]
Josiah Deguara,Jacksonville Jaguars,American-Football,NFL,2,4480,[23257]
Darnell Savage,Jacksonville Jaguars,American-Football,NFL,2,4482,[23242]
Gabe Davis,Jacksonville Jaguars,American-Football,NFL,2,4484,[23251]
Mitch Morse,Jacksonville Jaguars,American-Football,NFL,2,4485,[23263]
Tanner Muse,Jacksonville Jaguars,American-Football,NFL,2,4488,[23271]
Ronald Darby,Jacksonville Jaguars,American-Football,NFL,2,4490,[23267]
Esezi Otomewo,Jacksonville Jaguars,American-Football,NFL,2,4493,[23248]
Jeremiah Ledbetter,Jacksonville Jaguars,American-Football,NFL,2,4494,[23254]
Jarrian Jones,Jacksonville Jaguars,American-Football,NFL,2,4498,[23252]
Jordan Jefferson,Jacksonville Jaguars,American-Football,NFL,2,4501,[23255]
Parker Washington,Jacksonville Jaguars,American-Football,NFL,2,4502,[23266]
Brenton Strange,Jacksonville Jaguars,American-Football,NFL,2,4503,[23231]
Antonio Johnson,Jacksonville Jaguars,American-Football,NFL,2,4507,[23227]
Cam Little,Jacksonville Jaguars,American-Football,NFL,2,4510,[23234]
Christian Braswell,Jacksonville Jaguars,American-Football,NFL,2,4513,[23237]
Tank Bigsby,Jacksonville Jaguars,American-Football,NFL,2,4515,[23270]
Myles Cole,Jacksonville Jaguars,American-Football,NFL,2,4517,[23265]
Brian Thomas Jr.,Jacksonville Jaguars,American-Football,NFL,2,4521,[23232]
Maason Smith,Jacksonville Jaguars,American-Football,NFL,2,4522,[23261]
JaMycal Hasty,New England Patriots,American-Football,NFL,2,4524,[23598]
Kevin Harris,New England Patriots,American-Football,NFL,2,4526,[23611]
Kendrick Bourne,New England Patriots,American-Football,NFL,2,4528,[23610]
Hunter Henry,New England Patriots,American-Football,NFL,2,4530,[23590]
Christian Barmore,New England Patriots,American-Football,NFL,2,4534,[23575]
Daniel Ekuale,New England Patriots,American-Football,NFL,2,4535,[23581]
Davon Godchaux,New England Patriots,American-Football,NFL,2,4536,[23583]
Ja'Whaun Bentley,New England Patriots,American-Football,NFL,2,4538,[23592]
Anfernee Jennings,New England Patriots,American-Football,NFL,2,4539,[23566]
Jahlani Tavai,New England Patriots,American-Football,NFL,2,4541,[23596]
Jonathan Jones,New England Patriots,American-Football,NFL,2,4543,[23606]
Kyle Dugger,New England Patriots,American-Football,NFL,2,4547,[23612]
Jabrill Peppers,New England Patriots,American-Football,NFL,2,4548,[23593]
Brenden Schooler,New England Patriots,American-Football,NFL,2,4549,[23570]
Austin Hooper,New England Patriots,American-Football,NFL,2,4552,[23568]
Jaylinn Hawkins,New England Patriots,American-Football,NFL,2,4554,[23600]
Jacoby Brissett,New England Patriots,American-Football,NFL,2,4555,[23594]
Ben Brown,New England Patriots,American-Football,NFL,2,4558,[23569]
Christian Elliss,New England Patriots,American-Football,NFL,2,4560,[23576]
Antonio Gibson,New England Patriots,American-Football,NFL,2,4564,[23567]
Joey Slye,New England Patriots,American-Football,NFL,2,4567,[23605]
Joe Giles-Harris,New England Patriots,American-Football,NFL,2,4569,[23603]
Eric Johnson,New England Patriots,American-Football,NFL,2,4571,[23589]
Drake Maye,New England Patriots,American-Football,NFL,2,4581,[23588]
Javon Baker,New England Patriots,American-Football,NFL,2,4585,[23599]
Curtis Jacobs,New England Patriots,American-Football,NFL,2,4586,[23580]
Christian Gonzalez,New England Patriots,American-Football,NFL,2,4588,[23577]
Dell Pettus,New England Patriots,American-Football,NFL,2,4591,[23585]
Demontrey Jacobs,New England Patriots,American-Football,NFL,2,4592,[23587]
Jaheim Bell,New England Patriots,American-Football,NFL,2,4596,[23595]
Alex Austin,New England Patriots,American-Football,NFL,2,4599,[23565]
Ja'Lynn Polk,New England Patriots,American-Football,NFL,2,4600,[23591]
Kayshon Boutte,New England Patriots,American-Football,NFL,2,4601,[23608]
Keion White,New England Patriots,American-Football,NFL,2,4603,[23609]
Bryce Baringer,New England Patriots,American-Football,NFL,2,4609,[23571]
Jermaine Eluemunor,New York Giants,American-Football,NFL,2,4617,[23700]
Chris Manhertz,New York Giants,American-Football,NFL,2,4618,[23671]
Daniel Jones,New York Giants,American-Football,NFL,2,4621,[23675]
Darius Slayton,New York Giants,American-Football,NFL,2,4623,[23676]
Daniel Bellinger,New York Giants,American-Football,NFL,2,4624,[23674]
Joshua Ezeudu,New York Giants,American-Football,NFL,2,4625,[23704]
Andrew Thomas,New York Giants,American-Football,NFL,2,4626,[23667]
Adoree' Jackson,New York Giants,American-Football,NFL,2,4636,[23666]
Graham Gano,New York Giants,American-Football,NFL,2,4640,[23687]
Isaiah Simmons,New York Giants,American-Football,NFL,2,4645,[23691]
Armon Watts,New York Giants,American-Football,NFL,2,4651,[23668]
Devin Singletary,New York Giants,American-Football,NFL,2,4656,[23681]
Isaiah Hodgins,New York Giants,American-Football,NFL,2,4657,[23690]
Greg Van Roten,New York Giants,American-Football,NFL,2,4659,[23688]
Gunner Olszewski,New York Giants,American-Football,NFL,2,4665,[23689]
Drew Lock,New York Giants,American-Football,NFL,2,4666,[23682]
Aaron Stinnie,New York Giants,American-Football,NFL,2,4667,[23665]
Jalin Hyatt,New York Giants,American-Football,NFL,2,4682,[23696]
Eric Gray,New York Giants,American-Football,NFL,2,4696,[23683]
Malik Nabers,New York Giants,American-Football,NFL,2,4711,[23707]
Nelson Agholor,Baltimore Ravens,American-Football,NFL,2,4714,[22708]
Lamar Jackson,Baltimore Ravens,American-Football,NFL,2,4716,[22699]
Justice Hill,Baltimore Ravens,American-Football,NFL,2,4717,[22691]
Patrick Ricard,Baltimore Ravens,American-Football,NFL,2,4718,[22716]
Mark Andrews,Baltimore Ravens,American-Football,NFL,2,4721,[22704]
Charlie Kolar,Baltimore Ravens,American-Football,NFL,2,4722,[22673]
Isaiah Likely,Baltimore Ravens,American-Football,NFL,2,4723,[22681]
Ben Cleveland,Baltimore Ravens,American-Football,NFL,2,4725,[22669]
Patrick Mekari,Baltimore Ravens,American-Football,NFL,2,4726,[22714]
Brent Urban,Baltimore Ravens,American-Football,NFL,2,4728,[22671]
Justin Madubuike,Baltimore Ravens,American-Football,NFL,2,4730,[22693]
Broderick Washington,Baltimore Ravens,American-Football,NFL,2,4732,[22672]
Malik Harrison,Baltimore Ravens,American-Football,NFL,2,4733,[22702]
Odafe Oweh,Baltimore Ravens,American-Football,NFL,2,4735,[22712]
Kristian Welch,Baltimore Ravens,American-Football,NFL,2,4737,[22697]
Jalyn Armour-Davis,Baltimore Ravens,American-Football,NFL,2,4738,[22683]
Marlon Humphrey,Baltimore Ravens,American-Football,NFL,2,4739,[22705]
Brandon Stephens,Baltimore Ravens,American-Football,NFL,2,4740,[22670]
Kyle Hamilton,Baltimore Ravens,American-Football,NFL,2,4743,[22698]
Justin Tucker,Baltimore Ravens,American-Football,NFL,2,4746,[22694]
Jordan Stout,Baltimore Ravens,American-Football,NFL,2,4747,[22687]
Derrick Henry,Baltimore Ravens,American-Football,NFL,2,4748,[22677]
Christian Matthew,Baltimore Ravens,American-Football,NFL,2,4753,[22674]
Eddie Jackson,Baltimore Ravens,American-Football,NFL,2,4756,[22679]
Deonte Harty,Baltimore Ravens,American-Football,NFL,2,4767,[22676]
Josh Johnson,Baltimore Ravens,American-Football,NFL,2,4770,[22689]
Devontez Walker,Baltimore Ravens,American-Football,NFL,2,4793,[22678]
Arden Key,Tennessee Titans,American-Football,NFL,2,4801,[24012]
Nick Folk,Tennessee Titans,American-Football,NFL,2,4803,[24048]
Julius Chestnut,Tennessee Titans,American-Football,NFL,2,4806,[24037]
Nick Westbrook-Ikhine,Tennessee Titans,American-Football,NFL,2,4811,[24050]
Thomas Odukoya,Tennessee Titans,American-Football,NFL,2,4812,[24058]
Chigoziem Okonkwo,Tennessee Titans,American-Football,NFL,2,4813,[24016]
Dillon Radunz,Tennessee Titans,American-Football,NFL,2,4814,[24022]
Jeffery Simmons,Tennessee Titans,American-Football,NFL,2,4815,[24033]
Jack Gibbens,Tennessee Titans,American-Football,NFL,2,4817,[24025]
Roger McCreary,Tennessee Titans,American-Football,NFL,2,4822,[24054]
Amani Hooker,Tennessee Titans,American-Football,NFL,2,4824,[24010]
Ryan Stonehouse,Tennessee Titans,American-Football,NFL,2,4825,[24055]
Morgan Cox,Tennessee Titans,American-Football,NFL,2,4826,[24046]
Calvin Ridley,Tennessee Titans,American-Football,NFL,2,4827,[24015]
DeAndre Hopkins,Tennessee Titans,American-Football,NFL,2,4832,[24021]
Daniel Brunskill,Tennessee Titans,American-Football,NFL,2,4834,[24018]
L'Jarius Sneed,Tennessee Titans,American-Football,NFL,2,4835,[24041]
Mason Rudolph,Tennessee Titans,American-Football,NFL,2,4837,[24044]
Jamal Adams,Tennessee Titans,American-Football,NFL,2,4838,[24027]
Quandre Diggs,Tennessee Titans,American-Football,NFL,2,4839,[24053]
Nick Vannett,Tennessee Titans,American-Football,NFL,2,4841,[24049]
Lloyd Cushenberry III,Tennessee Titans,American-Football,NFL,2,4842,[24042]
Luke Gifford,Tennessee Titans,American-Football,NFL,2,4845,[24043]
Sebastian Joseph-Day,Tennessee Titans,American-Football,NFL,2,4847,[24056]
Ernest Jones,Tennessee Titans,American-Football,NFL,2,4849,[24023]
James Lynch,Tennessee Titans,American-Football,NFL,2,4850,[24028]
Mike Brown,Tennessee Titans,American-Football,NFL,2,4853,[24045]
Peter Skoronski,Tennessee Titans,American-Football,NFL,2,4857,[24052]
JC Latham,Tennessee Titans,American-Football,NFL,2,4866,[24032]
Jaylen Harrell,Tennessee Titans,American-Football,NFL,2,4868,[24031]
Julius Wood,Tennessee Titans,American-Football,NFL,2,4869,[24038]
James Williams,Tennessee Titans,American-Football,NFL,2,4870,[24029]
Josh Whyle,Tennessee Titans,American-Football,NFL,2,4871,[24036]
Otis Reese,Tennessee Titans,American-Football,NFL,2,4874,[24051]
Jaelyn Duncan,Tennessee Titans,American-Football,NFL,2,4877,[24026]
Jha'Quan Jackson,Tennessee Titans,American-Football,NFL,2,4882,[24034]
Keondre Coburn,Tennessee Titans,American-Football,NFL,2,4884,[24040]
T'Vondre Sweat,Tennessee Titans,American-Football,NFL,2,4885,[24057]
Jarvis Brownlee,Tennessee Titans,American-Football,NFL,2,4887,[24030]
Caleb Murphy,Tennessee Titans,American-Football,NFL,2,4891,[24014]
Kevin Zeitler,Detroit Lions,American-Football,NFL,2,4897,[23069]
Jared Goff,Detroit Lions,American-Football,NFL,2,4899,[23064]
Nate Sudfeld,Detroit Lions,American-Football,NFL,2,4900,[23077]
Craig Reynolds,Detroit Lions,American-Football,NFL,2,4902,[23049]
Tom Kennedy,Detroit Lions,American-Football,NFL,2,4904,[23085]
Kalif Raymond,Detroit Lions,American-Football,NFL,2,4905,[23067]
Amon-Ra St. Brown,Detroit Lions,American-Football,NFL,2,4906,[23043]
Jameson Williams,Detroit Lions,American-Football,NFL,2,4907,[23063]
James Mitchell,Detroit Lions,American-Football,NFL,2,4908,[23062]
Brock Wright,Detroit Lions,American-Football,NFL,2,4909,[23046]
Frank Ragnow,Detroit Lions,American-Football,NFL,2,4911,[23052]
Taylor Decker,Detroit Lions,American-Football,NFL,2,4912,[23084]
Penei Sewell,Detroit Lions,American-Football,NFL,2,4913,[23079]
Dan Skipper,Detroit Lions,American-Football,NFL,2,4914,[23050]
Parker Hesse,Detroit Lions,American-Football,NFL,2,4927,[23078]
Ben Niemann,Detroit Lions,American-Football,NFL,2,4931,[23045]
David Montgomery,Detroit Lions,American-Football,NFL,2,4935,[23051]
Isaiah Williams,Detroit Lions,American-Football,NFL,2,4964,[23059]
Hendon Hooker,Detroit Lions,American-Football,NFL,2,4967,[23058]
Jahmyr Gibbs,Detroit Lions,American-Football,NFL,2,4973,[23060]
Sione Vaki,Detroit Lions,American-Football,NFL,2,4978,[23083]
Sam LaPorta,Detroit Lions,American-Football,NFL,2,4981,[23082]
Matthew Judon,Atlanta Falcons,American-Football,NFL,2,4991,[22664]
KhaDarel Hodge,Atlanta Falcons,American-Football,NFL,2,4996,[22656]
Drake London,Atlanta Falcons,American-Football,NFL,2,4997,[22638]
John FitzPatrick,Atlanta Falcons,American-Football,NFL,2,4998,[22650]
Kyle Pitts,Atlanta Falcons,American-Football,NFL,2,4999,[22659]
Drew Dalman,Atlanta Falcons,American-Football,NFL,2,5000,[22639]
Chris Lindstrom,Atlanta Falcons,American-Football,NFL,2,5001,[22631]
Jake Matthews,Atlanta Falcons,American-Football,NFL,2,5002,[22645]
Arnold Ebiketie,Atlanta Falcons,American-Football,NFL,2,5003,[22621]
Grady Jarrett,Atlanta Falcons,American-Football,NFL,2,5004,[22644]
Lorenzo Carter,Atlanta Falcons,American-Football,NFL,2,5007,[22660]
DeAngelo Malone,Atlanta Falcons,American-Football,NFL,2,5009,[22635]
Dee Alford,Atlanta Falcons,American-Football,NFL,2,5010,[22636]
Avery Williams,Atlanta Falcons,American-Football,NFL,2,5012,[22623]
Bradley Pinion,Atlanta Falcons,American-Football,NFL,2,5015,[22625]
Antonio Hamilton,Atlanta Falcons,American-Football,NFL,2,5020,[22620]
Charlie Woerner,Atlanta Falcons,American-Football,NFL,2,5024,[22630]
Darnell Mooney,Atlanta Falcons,American-Football,NFL,2,5026,[22633]
Kirk Cousins,Atlanta Falcons,American-Football,NFL,2,5038,[22657]
Casey Washington,Atlanta Falcons,American-Football,NFL,2,5048,[22629]
Jase McClellan,Atlanta Falcons,American-Football,NFL,2,5051,[22649]
Jovaughn Gwyn,Atlanta Falcons,American-Football,NFL,2,5064,[22653]
Bijan Robinson,Atlanta Falcons,American-Football,NFL,2,5066,[22624]
Matthew Bergeron,Atlanta Falcons,American-Football,NFL,2,5067,[22663]
Michael Penix Jr.,Atlanta Falcons,American-Football,NFL,2,5068,[22665]
Pierre Strong Jr.,Cleveland Browns,American-Football,NFL,2,5079,[22947]
Deshaun Watson,Cleveland Browns,American-Football,NFL,2,5087,[22915]
Nick Chubb,Cleveland Browns,American-Football,NFL,2,5088,[22945]
Jerome Ford,Cleveland Browns,American-Football,NFL,2,5089,[22931]
David Bell,Cleveland Browns,American-Football,NFL,2,5091,[22908]
Amari Cooper,Cleveland Browns,American-Football,NFL,2,5092,[22901]
Michael Woods II,Cleveland Browns,American-Football,NFL,2,5093,[22943]
David Njoku,Cleveland Browns,American-Football,NFL,2,5095,[22909]
Ethan Pocic,Cleveland Browns,American-Football,NFL,2,5096,[22920]
Joel Bitonio,Cleveland Browns,American-Football,NFL,2,5097,[22934]
Jack Conklin,Cleveland Browns,American-Football,NFL,2,5098,[22923]
Myles Garrett,Cleveland Browns,American-Football,NFL,2,5099,[22944]
Denzel Ward,Cleveland Browns,American-Football,NFL,2,5106,[22914]
Elijah Moore,Cleveland Browns,American-Football,NFL,2,5114,[22919]
Juan Thornhill,Cleveland Browns,American-Football,NFL,2,5117,[22937]
D'Onta Foreman,Cleveland Browns,American-Football,NFL,2,5119,[22907]
Quinton Jefferson,Cleveland Browns,American-Football,NFL,2,5126,[22948]
Jaelon Darden,Cleveland Browns,American-Football,NFL,2,5127,[22924]
Jordan Akins,Cleveland Browns,American-Football,NFL,2,5128,[22935]
Jameis Winston,Cleveland Browns,American-Football,NFL,2,5130,[22927]
Jerry Jeudy,Cleveland Browns,American-Football,NFL,2,5131,[22932]
Cedric Tillman,Cleveland Browns,American-Football,NFL,2,5147,[22903]
Jamari Thrash,Cleveland Browns,American-Football,NFL,2,5163,[22926]
Kendric Pryor,Cincinnati Bengals,American-Football,NFL,2,5171,[22882]
Tanner Hudson,Cincinnati Bengals,American-Football,NFL,2,5173,[22889]
Joe Burrow,Cincinnati Bengals,American-Football,NFL,2,5178,[22881]
Chris Evans,Cincinnati Bengals,American-Football,NFL,2,5179,[22866]
Trayveon Williams,Cincinnati Bengals,American-Football,NFL,2,5180,[22893]
Ja'Marr Chase,Cincinnati Bengals,American-Football,NFL,2,5181,[22876]
Tee Higgins,Cincinnati Bengals,American-Football,NFL,2,5182,[22892]
Drew Sample,Cincinnati Bengals,American-Football,NFL,2,5184,[22871]
Trey Hill,Cincinnati Bengals,American-Football,NFL,2,5185,[22898]
Alex Cappa,Cincinnati Bengals,American-Football,NFL,2,5186,[22861]
Cordell Volson,Cincinnati Bengals,American-Football,NFL,2,5187,[22868]
Zack Moss,Cincinnati Bengals,American-Football,NFL,2,5211,[22900]
Mike Gesicki,Cincinnati Bengals,American-Football,NFL,2,5212,[22886]
Jake Browning,Cincinnati Bengals,American-Football,NFL,2,5214,[22878]
Trenton Irwin,Cincinnati Bengals,American-Football,NFL,2,5215,[22896]
Chase Brown,Cincinnati Bengals,American-Football,NFL,2,5218,[22865]
Charlie Jones,Cincinnati Bengals,American-Football,NFL,2,5220,[22864]
Jermaine Burton,Cincinnati Bengals,American-Football,NFL,2,5227,[22880]
Amarius Mims,Cincinnati Bengals,American-Football,NFL,2,5229,[22862]
Tanner McLachlan,Cincinnati Bengals,American-Football,NFL,2,5240,[22890]
Andrei Iosivas,Cincinnati Bengals,American-Football,NFL,2,5248,[22863]
Bilal Nichols,Arizona Cardinals,American-Football,NFL,2,5255,[22568]
Evan Brown,Arizona Cardinals,American-Football,NFL,2,5259,[22581]
Julian Okwara,Arizona Cardinals,American-Football,NFL,2,5260,[22592]
Khyiris Tonga,Arizona Cardinals,American-Football,NFL,2,5263,[22596]
Darren Hall,Arizona Cardinals,American-Football,NFL,2,5264,[22576]
Hjalte Froholdt,Arizona Cardinals,American-Football,NFL,2,5266,[22584]
Jonah Williams,Arizona Cardinals,American-Football,NFL,2,5267,[22591]
Kyler Murray,Arizona Cardinals,American-Football,NFL,2,5269,[22599]
James Conner,Arizona Cardinals,American-Football,NFL,2,5270,[22587]
Andre Baccellia,Arizona Cardinals,American-Football,NFL,2,5271,[22567]
Greg Dortch,Arizona Cardinals,American-Football,NFL,2,5272,[22583]
Dennis Gardeck,Arizona Cardinals,American-Football,NFL,2,5277,[22578]
Jesse Luketa,Arizona Cardinals,American-Football,NFL,2,5278,[22588]
Budda Baker,Arizona Cardinals,American-Football,NFL,2,5280,[22570]
Jalen Thompson,Arizona Cardinals,American-Football,NFL,2,5281,[22586]
Matt Prater,Arizona Cardinals,American-Football,NFL,2,5282,[22605]
Kyzir White,Arizona Cardinals,American-Football,NFL,2,5284,[22600]
Michael Carter,Arizona Cardinals,American-Football,NFL,2,5286,[22607]
Krys Barnes,Arizona Cardinals,American-Football,NFL,2,5287,[22598]
Justin Jones,Arizona Cardinals,American-Football,NFL,2,5289,[22593]
DeeJay Dallas,Arizona Cardinals,American-Football,NFL,2,5291,[22577]
Joey Blount,Arizona Cardinals,American-Football,NFL,2,5294,[22589]
Sean Murphy-Bunting,Arizona Cardinals,American-Football,NFL,2,5295,[22612]
Chris Moore,Arizona Cardinals,American-Football,NFL,2,5297,[22572]
Roy Lopez,Arizona Cardinals,American-Football,NFL,2,5298,[22611]
Blake Gillikin,Arizona Cardinals,American-Football,NFL,2,5300,[22569]
Travis Vokolek,Arizona Cardinals,American-Football,NFL,2,5311,[22615]
Tip Reiman,Arizona Cardinals,American-Football,NFL,2,5312,[22614]
Trey Benson,Arizona Cardinals,American-Football,NFL,2,5313,[22616]
Dante Stills,Arizona Cardinals,American-Football,NFL,2,5315,[22575]
Emari Demercado,Arizona Cardinals,American-Football,NFL,2,5321,[22580]
Marvin Harrison Jr.,Arizona Cardinals,American-Football,NFL,2,5322,[22604]
Clayton Tune,Arizona Cardinals,American-Football,NFL,2,5324,[22573]
Max Melton,Arizona Cardinals,American-Football,NFL,2,5328,[22606]
Owen Pappoe,Arizona Cardinals,American-Football,NFL,2,5329,[22609]
Elijah Higgins,Arizona Cardinals,American-Football,NFL,2,5330,[22579]
Michael Wilson,Arizona Cardinals,American-Football,NFL,2,5331,[22608]
Garrett Williams,Arizona Cardinals,American-Football,NFL,2,5333,[22582]
Kei'Trel Clark,Arizona Cardinals,American-Football,NFL,2,5334,[22594]
Saquon Barkley,Philadelphia Eagles,American-Football,NFL,2,5338,[23800]
Jalen Hurts,Philadelphia Eagles,American-Football,NFL,2,5343,[23784]
Kenneth Gainwell,Philadelphia Eagles,American-Football,NFL,2,5344,[23789]
A.J. Brown,Philadelphia Eagles,American-Football,NFL,2,5345,[23765]
Britain Covey,Philadelphia Eagles,American-Football,NFL,2,5346,[23768]
DeVonta Smith,Philadelphia Eagles,American-Football,NFL,2,5347,[23775]
Grant Calcaterra,Philadelphia Eagles,American-Football,NFL,2,5348,[23778]
Dallas Goedert,Philadelphia Eagles,American-Football,NFL,2,5349,[23770]
Jack Stoll,Philadelphia Eagles,American-Football,NFL,2,5350,[23781]
Cam Jurgens,Philadelphia Eagles,American-Football,NFL,2,5351,[23769]
Lane Johnson,Philadelphia Eagles,American-Football,NFL,2,5352,[23793]
Jordan Mailata,Philadelphia Eagles,American-Football,NFL,2,5353,[23787]
Darius Slay,Philadelphia Eagles,American-Football,NFL,2,5366,[23773]
Tyrion Davis-Price,Philadelphia Eagles,American-Football,NFL,2,5374,[23807]
Oren Burks,Philadelphia Eagles,American-Football,NFL,2,5375,[23797]
Jahan Dotson,Philadelphia Eagles,American-Football,NFL,2,5377,[23783]
Kenny Pickett,Philadelphia Eagles,American-Football,NFL,2,5382,[23790]
Fred Johnson,Philadelphia Eagles,American-Football,NFL,2,5383,[23777]
Jacob Harris,Philadelphia Eagles,American-Football,NFL,2,5389,[23782]
Ochaun Mathis,Philadelphia Eagles,American-Football,NFL,2,5395,[23796]
Johnny Wilson,Philadelphia Eagles,American-Football,NFL,2,5397,[23786]
Tanner McKee,Philadelphia Eagles,American-Football,NFL,2,5414,[23802]
Will Shipley,Philadelphia Eagles,American-Football,NFL,2,5417,[23808]
Davante Adams,New York Jets,American-Football,NFL,2,5424,[23730]
John Simpson,New York Jets,American-Football,NFL,2,5425,[23747]
Chuck Clark,New York Jets,American-Football,NFL,2,5429,[23727]
Isaiah Oliver,New York Jets,American-Football,NFL,2,5433,[23737]
Leki Fotu,New York Jets,American-Football,NFL,2,5434,[23748]
Breece Hall,New York Jets,American-Football,NFL,2,5436,[23722]
Irvin Charles,New York Jets,American-Football,NFL,2,5437,[23735]
Garrett Wilson,New York Jets,American-Football,NFL,2,5438,[23733]
Jeremy Ruckert,New York Jets,American-Football,NFL,2,5440,[23744]
Alijah Vera-Tucker,New York Jets,American-Football,NFL,2,5442,[23716]
Micheal Clemons,New York Jets,American-Football,NFL,2,5443,[23753]
Jermaine Johnson,New York Jets,American-Football,NFL,2,5444,[23745]
Solomon Thomas,New York Jets,American-Football,NFL,2,5445,[23762]
Quinnen Williams,New York Jets,American-Football,NFL,2,5447,[23758]
C.J. Mosley,New York Jets,American-Football,NFL,2,5448,[23724]
Jamien Sherwood,New York Jets,American-Football,NFL,2,5449,[23740]
Chazz Surratt,New York Jets,American-Football,NFL,2,5450,[23726]
Quincy Williams,New York Jets,American-Football,NFL,2,5451,[23757]
Brandin Echols,New York Jets,American-Football,NFL,2,5453,[23721]
Sauce Gardner,New York Jets,American-Football,NFL,2,5454,[23761]
D.J. Reed,New York Jets,American-Football,NFL,2,5455,[23729]
Ashtyn Davis,New York Jets,American-Football,NFL,2,5457,[23718]
Greg Zuerlein,New York Jets,American-Football,NFL,2,5458,[23734]
Thomas Hennessy,New York Jets,American-Football,NFL,2,5459,[23764]
Javon Kinlaw,New York Jets,American-Football,NFL,2,5460,[23742]
Aaron Rodgers,New York Jets,American-Football,NFL,2,5461,[23715]
Allen Lazard,New York Jets,American-Football,NFL,2,5462,[23717]
Mike Williams,New York Jets,American-Football,NFL,2,5468,[23754]
Takkarist McKinley,New York Jets,American-Football,NFL,2,5470,[23763]
Malachi Corley,New York Jets,American-Football,NFL,2,5478,[23750]
Eric Watts,New York Jets,American-Football,NFL,2,5479,[23732]
Israel Abanikanda,New York Jets,American-Football,NFL,2,5481,[23738]
Carter Warren,New York Jets,American-Football,NFL,2,5482,[23725]
Braiden McGregor,New York Jets,American-Football,NFL,2,5489,[23720]
Leonard Taylor,New York Jets,American-Football,NFL,2,5491,[23749]
Braelon Allen,New York Jets,American-Football,NFL,2,5493,[23719]
Joe Tippmann,New York Jets,American-Football,NFL,2,5494,[23746]
Isaiah Davis,New York Jets,American-Football,NFL,2,5496,[23736]
Qwan'tez Stiggers,New York Jets,American-Football,NFL,2,5510,[23759]
Rock Ya-Sin,San Francisco 49ers,American-Football,NFL,2,5511,[23908]
Ben Bartch,San Francisco 49ers,American-Football,NFL,2,5512,[23860]
Joshua Dobbs,San Francisco 49ers,American-Football,NFL,2,5520,[23895]
Jordan Elliott,San Francisco 49ers,American-Football,NFL,2,5521,[23893]
Brandon Allen,San Francisco 49ers,American-Football,NFL,2,5522,[23862]
Javon Hargrave,San Francisco 49ers,American-Football,NFL,2,5525,[23889]
Brock Purdy,San Francisco 49ers,American-Football,NFL,2,5526,[23863]
Jordan Mason,San Francisco 49ers,American-Football,NFL,2,5527,[23894]
Kyle Juszczyk,San Francisco 49ers,American-Football,NFL,2,5528,[23897]
Brandon Aiyuk,San Francisco 49ers,American-Football,NFL,2,5529,[23861]
Jauan Jennings,San Francisco 49ers,American-Football,NFL,2,5531,[23888]
Deebo Samuel,San Francisco 49ers,American-Football,NFL,2,5532,[23872]
George Kittle,San Francisco 49ers,American-Football,NFL,2,5533,[23880]
Jake Brendel,San Francisco 49ers,American-Football,NFL,2,5534,[23885]
Aaron Banks,San Francisco 49ers,American-Football,NFL,2,5535,[23859]
Nick Zakelj,San Francisco 49ers,American-Football,NFL,2,5537,[23904]
Nick Bosa,San Francisco 49ers,American-Football,NFL,2,5538,[23903]
Kevin Givens,San Francisco 49ers,American-Football,NFL,2,5540,[23896]
Demetrius Flannigan-Fowles,San Francisco 49ers,American-Football,NFL,2,5541,[23873]
Dre Greenlaw,San Francisco 49ers,American-Football,NFL,2,5542,[23876]
Curtis Robinson,San Francisco 49ers,American-Football,NFL,2,5543,[23868]
Fred Warner,San Francisco 49ers,American-Football,NFL,2,5544,[23879]
Deommodore Lenoir,San Francisco 49ers,American-Football,NFL,2,5545,[23874]
Charvarius Ward,San Francisco 49ers,American-Football,NFL,2,5547,[23864]
George Odum,San Francisco 49ers,American-Football,NFL,2,5551,[23881]
Mitch Wishnowsky,San Francisco 49ers,American-Football,NFL,2,5552,[23902]
De'Vondre Campbell,San Francisco 49ers,American-Football,NFL,2,5554,[23870]
Jake Tonges,San Francisco 49ers,American-Football,NFL,2,5557,[23887]
Chris Conley,San Francisco 49ers,American-Football,NFL,2,5563,[23865]
Maliek Collins,San Francisco 49ers,American-Football,NFL,2,5565,[23900]
Isaac Yiadom,San Francisco 49ers,American-Football,NFL,2,5566,[23883]
Eric Saubert,San Francisco 49ers,American-Football,NFL,2,5567,[23878]
Leonard Floyd,San Francisco 49ers,American-Football,NFL,2,5568,[23899]
Renardo Green,San Francisco 49ers,American-Football,NFL,2,5576,[23906]
Malik Mustapha,San Francisco 49ers,American-Football,NFL,2,5579,[23901]
Ji'Ayir Brown,San Francisco 49ers,American-Football,NFL,2,5581,[23891]
Dominick Puni,San Francisco 49ers,American-Football,NFL,2,5583,[23875]
Dee Winters,San Francisco 49ers,American-Football,NFL,2,5584,[23871]
Jake Moody,San Francisco 49ers,American-Football,NFL,2,5589,[23886]
Isaac Guerendo,San Francisco 49ers,American-Football,NFL,2,5591,[23882]
Jacob Cowing,San Francisco 49ers,American-Football,NFL,2,5593,[23884]
Josh Jacobs,Green Bay Packers,American-Football,NFL,2,5599,[23105]
Malik Willis,Green Bay Packers,American-Football,NFL,2,5602,[23113]
Jordan Love,Green Bay Packers,American-Football,NFL,2,5604,[23103]
AJ Dillon,Green Bay Packers,American-Football,NFL,2,5605,[23089]
Romeo Doubs,Green Bay Packers,American-Football,NFL,2,5606,[23121]
Samori Toure,Green Bay Packers,American-Football,NFL,2,5607,[23123]
Christian Watson,Green Bay Packers,American-Football,NFL,2,5608,[23094]
Josh Myers,Green Bay Packers,American-Football,NFL,2,5609,[23106]
Elgton Jenkins,Green Bay Packers,American-Football,NFL,2,5610,[23098]
Sean Rhyan,Green Bay Packers,American-Football,NFL,2,5611,[23125]
Kenny Clark,Green Bay Packers,American-Football,NFL,2,5612,[23108]
Jaire Alexander,Green Bay Packers,American-Football,NFL,2,5621,[23101]
Andrew Beck,Green Bay Packers,American-Football,NFL,2,5626,[23091]
Bo Melton,Green Bay Packers,American-Football,NFL,2,5634,[23093]
Sean Clifford,Green Bay Packers,American-Football,NFL,2,5641,[23124]
Jayden Reed,Green Bay Packers,American-Football,NFL,2,5648,[23102]
Jacob Monk,Green Bay Packers,American-Football,NFL,2,5649,[23100]
Ben Sims,Green Bay Packers,American-Football,NFL,2,5655,[23092]
Malik Heath,Green Bay Packers,American-Football,NFL,2,5659,[23112]
Tucker Kraft,Green Bay Packers,American-Football,NFL,2,5662,[23127]
Dontayvion Wicks,Green Bay Packers,American-Football,NFL,2,5664,[23097]
MarShawn Lloyd,Green Bay Packers,American-Football,NFL,2,5676,[23114]
Travis Glover,Green Bay Packers,American-Football,NFL,2,5677,[23126]
Luke Musgrave,Green Bay Packers,American-Football,NFL,2,5678,[23110]
Emanuel Wilson,Green Bay Packers,American-Football,NFL,2,5683,[23099]
Andrew Billings,Chicago Bears,American-Football,NFL,2,5687,[22812]
DeMarcus Walker,Chicago Bears,American-Football,NFL,2,5689,[22827]
Kevin Byard,Chicago Bears,American-Football,NFL,2,5690,[22843]
D'Andre Swift,Chicago Bears,American-Football,NFL,2,5691,[22822]
Scott Daly,Chicago Bears,American-Football,NFL,2,5692,[22857]
T.J. Edwards,Chicago Bears,American-Football,NFL,2,5695,[22858]
Jacob Martin,Chicago Bears,American-Football,NFL,2,5696,[22835]
Marcedes Lewis,Chicago Bears,American-Football,NFL,2,5698,[22848]
Khalil Herbert,Chicago Bears,American-Football,NFL,2,5701,[22844]
Cole Kmet,Chicago Bears,American-Football,NFL,2,5706,[22820]
Larry Borom,Chicago Bears,American-Football,NFL,2,5707,[22847]
Teven Jenkins,Chicago Bears,American-Football,NFL,2,5708,[22860]
Dominique Robinson,Chicago Bears,American-Football,NFL,2,5709,[22829]
Jack Sanborn,Chicago Bears,American-Football,NFL,2,5710,[22834]
Josh Blackwell,Chicago Bears,American-Football,NFL,2,5712,[22841]
Kyler Gordon,Chicago Bears,American-Football,NFL,2,5713,[22846]
Jaylon Johnson,Chicago Bears,American-Football,NFL,2,5714,[22838]
Jaylon Jones,Chicago Bears,American-Football,NFL,2,5715,[22839]
Jaquan Brisker,Chicago Bears,American-Football,NFL,2,5716,[22837]
Elijah Hicks,Chicago Bears,American-Football,NFL,2,5717,[22831]
Cairo Santos,Chicago Bears,American-Football,NFL,2,5718,[22817]
Montez Sweat,Chicago Bears,American-Football,NFL,2,5719,[22851]
DJ Moore,Chicago Bears,American-Football,NFL,2,5720,[22828]
Matt Pryor,Chicago Bears,American-Football,NFL,2,5723,[22850]
Byron Cowart,Chicago Bears,American-Football,NFL,2,5724,[22816]
Chris Williams,Chicago Bears,American-Football,NFL,2,5725,[22819]
Darrell Taylor,Chicago Bears,American-Football,NFL,2,5727,[22825]
Jonathan Owens,Chicago Bears,American-Football,NFL,2,5730,[22840]
Keenan Allen,Chicago Bears,American-Football,NFL,2,5733,[22842]
DeAndre Carter,Chicago Bears,American-Football,NFL,2,5734,[22826]
Gerald Everett,Chicago Bears,American-Football,NFL,2,5735,[22832]
Amen Ogbongbemiga,Chicago Bears,American-Football,NFL,2,5736,[22811]
Coleman Shelton,Chicago Bears,American-Football,NFL,2,5737,[22821]
Daniel Hardy,Chicago Bears,American-Football,NFL,2,5738,[22823]
Darnell Wright,Chicago Bears,American-Football,NFL,2,5746,[22824]
Austin Booker,Chicago Bears,American-Football,NFL,2,5747,[22813]
Terell Smith,Chicago Bears,American-Football,NFL,2,5748,[22859]
Noah Sewell,Chicago Bears,American-Football,NFL,2,5751,[22853]
Caleb Williams,Chicago Bears,American-Football,NFL,2,5753,[22818]
Roschon Johnson,Chicago Bears,American-Football,NFL,2,5767,[22855]
Rome Odunze,Chicago Bears,American-Football,NFL,2,5769,[22854]
Jawaan Taylor,Kansas City Chiefs,American-Football,NFL,2,5775,[23304]
Keaontay Ingram,Kansas City Chiefs,American-Football,NFL,2,5783,[23317]
Marquise Brown,Kansas City Chiefs,American-Football,NFL,2,5784,[23323]
Clyde Edwards-Helaire,Kansas City Chiefs,American-Football,NFL,2,5792,[23289]
Isiah Pacheco,Kansas City Chiefs,American-Football,NFL,2,5793,[23300]
Justyn Ross,Kansas City Chiefs,American-Football,NFL,2,5796,[23316]
JuJu Smith-Schuster,Kansas City Chiefs,American-Football,NFL,2,5797,[23313]
Justin Watson,Kansas City Chiefs,American-Football,NFL,2,5798,[23315]
Jody Fortson,Kansas City Chiefs,American-Football,NFL,2,5799,[23307]
Creed Humphrey,Kansas City Chiefs,American-Football,NFL,2,5802,[23290]
Joe Thuney,Kansas City Chiefs,American-Football,NFL,2,5804,[23308]
Malik Herring,Kansas City Chiefs,American-Football,NFL,2,5806,[23322]
George Karlaftis,Kansas City Chiefs,American-Football,NFL,2,5807,[23297]
Chris Jones,Kansas City Chiefs,American-Football,NFL,2,5808,[23288]
Derrick Nnadi,Kansas City Chiefs,American-Football,NFL,2,5809,[23292]
Leo Chenal,Kansas City Chiefs,American-Football,NFL,2,5812,[23320]
Jack Cochrane,Kansas City Chiefs,American-Football,NFL,2,5814,[23301]
Jaylen Watson,Kansas City Chiefs,American-Football,NFL,2,5816,[23305]
Joshua Williams,Kansas City Chiefs,American-Football,NFL,2,5817,[23312]
Deon Bush,Kansas City Chiefs,American-Football,NFL,2,5818,[23291]
Bryan Cook,Kansas City Chiefs,American-Football,NFL,2,5819,[23281]
Justin Reid,Kansas City Chiefs,American-Football,NFL,2,5820,[23314]
Harrison Butker,Kansas City Chiefs,American-Football,NFL,2,5821,[23298]
James Winchester,Kansas City Chiefs,American-Football,NFL,2,5822,[23302]
Carson Wentz,Kansas City Chiefs,American-Football,NFL,2,5823,[23286]
Carson Steele,Kansas City Chiefs,American-Football,NFL,2,5838,[23285]
Emani Bailey,Kansas City Chiefs,American-Football,NFL,2,5844,[23294]
Jared Wiley,Kansas City Chiefs,American-Football,NFL,2,5846,[23303]
C.J. Hanson,Kansas City Chiefs,American-Football,NFL,2,5862,[23282]
Marcus Mariota,Washington Commanders,American-Football,NFL,2,5875,[24093]
Olamide Zaccheaus,Washington Commanders,American-Football,NFL,2,5876,[24099]
Byron Pringle,Washington Commanders,American-Football,NFL,2,5883,[24070]
Nick Allegretti,Washington Commanders,American-Football,NFL,2,5884,[24095]
Brian Robinson Jr.,Washington Commanders,American-Football,NFL,2,5885,[24069]
Dyami Brown,Washington Commanders,American-Football,NFL,2,5886,[24080]
Terry McLaurin,Washington Commanders,American-Football,NFL,2,5888,[24104]
John Bates,Washington Commanders,American-Football,NFL,2,5889,[24088]
Cole Turner,Washington Commanders,American-Football,NFL,2,5890,[24074]
Jonathan Allen,Washington Commanders,American-Football,NFL,2,5893,[24089]
Daron Payne,Washington Commanders,American-Football,NFL,2,5895,[24078]
Jamison Crowder,Washington Commanders,American-Football,NFL,2,5907,[24084]
Jeremy McNichols,Washington Commanders,American-Football,NFL,2,5908,[24087]
Trent Scott,Washington Commanders,American-Football,NFL,2,5909,[24106]
Jeff Driskel,Washington Commanders,American-Football,NFL,2,5914,[24086]
Noah Brown,Washington Commanders,American-Football,NFL,2,5916,[24098]
Tyler Biadasz,Washington Commanders,American-Football,NFL,2,5917,[24107]
Austin Ekeler,Washington Commanders,American-Football,NFL,2,5920,[24063]
Bobby Wagner,Washington Commanders,American-Football,NFL,2,5923,[24066]
Luke McCaffrey,Washington Commanders,American-Football,NFL,2,5925,[24092]
Colson Yankoff,Washington Commanders,American-Football,NFL,2,5949,[24075]
Ben Sinnott,Washington Commanders,American-Football,NFL,2,5952,[24064]
Jayden Daniels,Washington Commanders,American-Football,NFL,2,5959,[24085]
Miles Sanders,Carolina Panthers,American-Football,NFL,2,5974,[22798]
Jordan Matthews,Carolina Panthers,American-Football,NFL,2,5975,[22792]
Raheem Blackshear,Carolina Panthers,American-Football,NFL,2,5981,[22799]
Chuba Hubbard,Carolina Panthers,American-Football,NFL,2,5982,[22777]
Terrace Marshall Jr.,Carolina Panthers,American-Football,NFL,2,5983,[22807]
Stephen Sullivan,Carolina Panthers,American-Football,NFL,2,5984,[22805]
Ian Thomas,Carolina Panthers,American-Football,NFL,2,5985,[22786]
Tommy Tremble,Carolina Panthers,American-Football,NFL,2,5986,[22808]
Ikem Ekwonu,Carolina Panthers,American-Football,NFL,2,5987,[22787]
Shaq Thompson,Carolina Panthers,American-Football,NFL,2,5991,[22803]
Diontae Johnson,Carolina Panthers,American-Football,NFL,2,6000,[22783]
Damien Lewis,Carolina Panthers,American-Football,NFL,2,6001,[22778]
Robert Hunt,Carolina Panthers,American-Football,NFL,2,6006,[22802]
Andy Dalton,Carolina Panthers,American-Football,NFL,2,6007,[22770]
Mike Boone,Carolina Panthers,American-Football,NFL,2,6010,[22797]
Adam Thielen,Carolina Panthers,American-Football,NFL,2,6020,[22767]
David Moore,Carolina Panthers,American-Football,NFL,2,6030,[22781]
Bryce Young,Carolina Panthers,American-Football,NFL,2,6039,[22773]
Chandler Zavala,Carolina Panthers,American-Football,NFL,2,6044,[22776]
Jonathan Mingo,Carolina Panthers,American-Football,NFL,2,6046,[22791]
Xavier Legette,Carolina Panthers,American-Football,NFL,2,6051,[22809]
Ja'Tavion Sanders,Carolina Panthers,American-Football,NFL,2,6054,[22788]
Mack Hollins,Buffalo Bills,American-Football,NFL,2,6064,[22746]
Mike White,Buffalo Bills,American-Football,NFL,2,6072,[22749]
Curtis Samuel,Buffalo Bills,American-Football,NFL,2,6080,[22726]
Josh Allen,Buffalo Bills,American-Football,NFL,2,6082,[22741]
James Cook,Buffalo Bills,American-Football,NFL,2,6083,[22738]
Reggie Gilliam,Buffalo Bills,American-Football,NFL,2,6084,[22755]
Khalil Shakir,Buffalo Bills,American-Football,NFL,2,6085,[22744]
Dawson Knox,Buffalo Bills,American-Football,NFL,2,6087,[22733]
Quintin Morris,Buffalo Bills,American-Football,NFL,2,6088,[22753]
Alec Anderson,Buffalo Bills,American-Football,NFL,2,6089,[22718]
DaQuan Jones,Buffalo Bills,American-Football,NFL,2,6093,[22731]
Jordan Phillips,Buffalo Bills,American-Football,NFL,2,6095,[22740]
Terrel Bernard,Buffalo Bills,American-Football,NFL,2,6096,[22766]
Matt Milano,Buffalo Bills,American-Football,NFL,2,6097,[22747]
Christian Benford,Buffalo Bills,American-Football,NFL,2,6100,[22724]
Kaiir Elam,Buffalo Bills,American-Football,NFL,2,6101,[22742]
Ja'Marcus Ingram,Buffalo Bills,American-Football,NFL,2,6102,[22736]
Taron Johnson,Buffalo Bills,American-Football,NFL,2,6103,[22765]
Cam Lewis,Buffalo Bills,American-Football,NFL,2,6104,[22722]
Damar Hamlin,Buffalo Bills,American-Football,NFL,2,6105,[22728]
Sam Martin,Buffalo Bills,American-Football,NFL,2,6107,[22759]
Reid Ferguson,Buffalo Bills,American-Football,NFL,2,6108,[22756]
Ray Davis,Buffalo Bills,American-Football,NFL,2,6125,[22754]
Keon Coleman,Buffalo Bills,American-Football,NFL,2,6131,[22743]
O'Cyrus Torrence,Buffalo Bills,American-Football,NFL,2,6137,[22752]
Dalton Kincaid,Buffalo Bills,American-Football,NFL,2,6138,[22727]
Trey Sermon,Indianapolis Colts,American-Football,NFL,2,6158,[23220]
Joe Flacco,Indianapolis Colts,American-Football,NFL,2,6159,[23203]
Tyler Goodson,Indianapolis Colts,American-Football,NFL,2,6161,[23221]
Sam Ehlinger,Indianapolis Colts,American-Football,NFL,2,6164,[23217]
Jonathan Taylor,Indianapolis Colts,American-Football,NFL,2,6165,[23204]
Ashton Dulin,Indianapolis Colts,American-Football,NFL,2,6166,[23185]
Alec Pierce,Indianapolis Colts,American-Football,NFL,2,6168,[23181]
Michael Pittman Jr.,Indianapolis Colts,American-Football,NFL,2,6169,[23210]
Mo Alie-Cox,Indianapolis Colts,American-Football,NFL,2,6170,[23212]
Kylen Granson,Indianapolis Colts,American-Football,NFL,2,6171,[23206]
Andrew Ogletree,Indianapolis Colts,American-Football,NFL,2,6172,[23182]
Jelani Woods,Indianapolis Colts,American-Football,NFL,2,6173,[23202]
Quenton Nelson,Indianapolis Colts,American-Football,NFL,2,6174,[23215]
Bernhard Raimann,Indianapolis Colts,American-Football,NFL,2,6175,[23186]
DeForest Buckner,Indianapolis Colts,American-Football,NFL,2,6178,[23194]
Josh Downs,Indianapolis Colts,American-Football,NFL,2,6208,[23205]
Adonai Mitchell,Indianapolis Colts,American-Football,NFL,2,6217,[23180]
Anthony Richardson,Indianapolis Colts,American-Football,NFL,2,6219,[23184]
Will Mallory,Indianapolis Colts,American-Football,NFL,2,6222,[23224]
Tanor Bortolini,Indianapolis Colts,American-Football,NFL,2,6223,[23219]
Anthony Gould,Indianapolis Colts,American-Football,NFL,2,6231,[23183]
Dez Fitzpatrick,Pittsburgh Steelers,American-Football,NFL,2,6241,[23823]
Cordarrelle Patterson,Pittsburgh Steelers,American-Football,NFL,2,6243,[23818]
MyCole Pruitt,Pittsburgh Steelers,American-Football,NFL,2,6244,[23843]
Jonathan Ward,Pittsburgh Steelers,American-Football,NFL,2,6247,[23830]
Isaac Seumalo,Pittsburgh Steelers,American-Football,NFL,2,6249,[23826]
Justin Fields,Pittsburgh Steelers,American-Football,NFL,2,6255,[23831]
Najee Harris,Pittsburgh Steelers,American-Football,NFL,2,6259,[23845]
Jaylen Warren,Pittsburgh Steelers,American-Football,NFL,2,6260,[23828]
Calvin Austin III,Pittsburgh Steelers,American-Football,NFL,2,6261,[23814]
George Pickens,Pittsburgh Steelers,American-Football,NFL,2,6262,[23825]
Pat Freiermuth,Pittsburgh Steelers,American-Football,NFL,2,6263,[23847]
Connor Heyward,Pittsburgh Steelers,American-Football,NFL,2,6264,[23817]
Cameron Heyward,Pittsburgh Steelers,American-Football,NFL,2,6269,[23815]
T.J. Watt,Pittsburgh Steelers,American-Football,NFL,2,6273,[23855]
Terrell Edmunds,Pittsburgh Steelers,American-Football,NFL,2,6276,[23856]
Minkah Fitzpatrick,Pittsburgh Steelers,American-Football,NFL,2,6277,[23841]
Chris Boswell,Pittsburgh Steelers,American-Football,NFL,2,6280,[23816]
Scotty Miller,Pittsburgh Steelers,American-Football,NFL,2,6282,[23852]
Kyle Allen,Pittsburgh Steelers,American-Football,NFL,2,6286,[23834]
Russell Wilson,Pittsburgh Steelers,American-Football,NFL,2,6288,[23849]
Ben Skowronek,Pittsburgh Steelers,American-Football,NFL,2,6292,[23811]
Darnell Washington,Pittsburgh Steelers,American-Football,NFL,2,6309,[23821]
Broderick Jones,Pittsburgh Steelers,American-Football,NFL,2,6310,[23813]
Mason McCormick,Pittsburgh Steelers,American-Football,NFL,2,6317,[23838]
Johnathan Hankins,Seattle Seahawks,American-Football,NFL,2,6328,[23932]
Rayshawn Jenkins,Seattle Seahawks,American-Football,NFL,2,6330,[23950]
Leonard Williams,Seattle Seahawks,American-Football,NFL,2,6331,[23939]
Julian Love,Seattle Seahawks,American-Football,NFL,2,6332,[23933]
K'Von Wallace,Seattle Seahawks,American-Football,NFL,2,6336,[23934]
Laken Tomlinson,Seattle Seahawks,American-Football,NFL,2,6337,[23937]
Jarran Reed,Seattle Seahawks,American-Football,NFL,2,6338,[23928]
Sam Howell,Seattle Seahawks,American-Football,NFL,2,6339,[23953]
Laviska Shenault Jr.,Seattle Seahawks,American-Football,NFL,2,6341,[23938]
Tyrel Dodson,Seattle Seahawks,American-Football,NFL,2,6343,[23958]
Kenneth Walker III,Seattle Seahawks,American-Football,NFL,2,6345,[23935]
Dareke Young,Seattle Seahawks,American-Football,NFL,2,6349,[23919]
Noah Fant,Seattle Seahawks,American-Football,NFL,2,6350,[23947]
Stone Forsythe,Seattle Seahawks,American-Football,NFL,2,6351,[23955]
Myles Adams,Seattle Seahawks,American-Football,NFL,2,6353,[23945]
Boye Mafe,Seattle Seahawks,American-Football,NFL,2,6354,[23912]
Tre Brown,Seattle Seahawks,American-Football,NFL,2,6357,[23956]
Coby Bryant,Seattle Seahawks,American-Football,NFL,2,6358,[23917]
Jason Myers,Seattle Seahawks,American-Football,NFL,2,6362,[23929]
Michael Dickson,Seattle Seahawks,American-Football,NFL,2,6363,[23941]
Jerome Baker,Seattle Seahawks,American-Football,NFL,2,6366,[23931]
Pharaoh Brown,Seattle Seahawks,American-Football,NFL,2,6367,[23949]
Dre'Mont Jones,Seattle Seahawks,American-Football,NFL,2,6368,[23924]
Devon Witherspoon,Seattle Seahawks,American-Football,NFL,2,6375,[23922]
Dee Williams,Seattle Seahawks,American-Football,NFL,2,6378,[23920]
AJ Barner,Seattle Seahawks,American-Football,NFL,2,6384,[23910]
Brady Russell,Seattle Seahawks,American-Football,NFL,2,6385,[23913]
Kenny McIntosh,Seattle Seahawks,American-Football,NFL,2,6387,[23936]
Mike Morris,Seattle Seahawks,American-Football,NFL,2,6390,[23944]
Drake Thomas,Seattle Seahawks,American-Football,NFL,2,6391,[23923]
Jake Bobo,Seattle Seahawks,American-Football,NFL,2,6395,[23926]
Derick Hall,Seattle Seahawks,American-Football,NFL,2,6398,[23921]
Nehemiah Pritchett,Seattle Seahawks,American-Football,NFL,2,6399,[23946]
Anthony Bradford,Seattle Seahawks,American-Football,NFL,2,6409,[23911]
Baker Mayfield,Tampa Bay Buccaneers,American-Football,NFL,2,6422,[23960]
Cody Thompson,Tampa Bay Buccaneers,American-Football,NFL,2,6425,[23973]
Kyle Trask,Tampa Bay Buccaneers,American-Football,NFL,2,6427,[23991]
Rachaad White,Tampa Bay Buccaneers,American-Football,NFL,2,6428,[23999]
Mike Evans,Tampa Bay Buccaneers,American-Football,NFL,2,6429,[23996]
Chris Godwin,Tampa Bay Buccaneers,American-Football,NFL,2,6430,[23971]
Ko Kieft,Tampa Bay Buccaneers,American-Football,NFL,2,6431,[23989]
Cade Otton,Tampa Bay Buccaneers,American-Football,NFL,2,6432,[23966]
Luke Goedeke,Tampa Bay Buccaneers,American-Football,NFL,2,6434,[23994]
Justin Skule,Tampa Bay Buccaneers,American-Football,NFL,2,6435,[23983]
Shaquil Barrett,Tampa Bay Buccaneers,American-Football,NFL,2,6441,[24008]
Lavonte David,Tampa Bay Buccaneers,American-Football,NFL,2,6443,[23992]
John Wolford,Tampa Bay Buccaneers,American-Football,NFL,2,6453,[23981]
Payne Durham,Tampa Bay Buccaneers,American-Football,NFL,2,6468,[23998]
Bucky Irving,Tampa Bay Buccaneers,American-Football,NFL,2,6475,[23964]
Sean Tucker,Tampa Bay Buccaneers,American-Football,NFL,2,6490,[24007]
Jalen McMillan,Tampa Bay Buccaneers,American-Football,NFL,2,6492,[23980]
Devin Culp,Tampa Bay Buccaneers,American-Football,NFL,2,6493,[23975]
Cody Mauch,Tampa Bay Buccaneers,American-Football,NFL,2,6496,[23972]
Kameron Johnson,Tampa Bay Buccaneers,American-Football,NFL,2,6499,[23984]
Jonnu Smith,Miami Dolphins,American-Football,NFL,2,6501,[23498]
Isaiah Wynn,Miami Dolphins,American-Football,NFL,2,6502,[23490]
Jake Bailey,Miami Dolphins,American-Football,NFL,2,6503,[23492]
Calais Campbell,Miami Dolphins,American-Football,NFL,2,6506,[23476]
Benito Jones,Miami Dolphins,American-Football,NFL,2,6514,[23473]
Quinton Bell,Miami Dolphins,American-Football,NFL,2,6515,[23511]
Braxton Berrios,Miami Dolphins,American-Football,NFL,2,6522,[23475]
Jeff Wilson Jr.,Miami Dolphins,American-Football,NFL,2,6523,[23497]
Siran Neal,Miami Dolphins,American-Football,NFL,2,6530,[23515]
Jordan Poyer,Miami Dolphins,American-Football,NFL,2,6531,[23499]
Dee Eskridge,Miami Dolphins,American-Football,NFL,2,6533,[23482]
Jordyn Brooks,Miami Dolphins,American-Football,NFL,2,6534,[23500]
Skylar Thompson,Miami Dolphins,American-Football,NFL,2,6536,[23516]
Raheem Mostert,Miami Dolphins,American-Football,NFL,2,6537,[23512]
Alec Ingold,Miami Dolphins,American-Football,NFL,2,6538,[23469]
River Cracraft,Miami Dolphins,American-Football,NFL,2,6539,[23513]
Erik Ezukanma,Miami Dolphins,American-Football,NFL,2,6540,[23487]
Jaylen Waddle,Miami Dolphins,American-Football,NFL,2,6542,[23495]
Tanner Conner,Miami Dolphins,American-Football,NFL,2,6543,[23517]
Durham Smythe,Miami Dolphins,American-Football,NFL,2,6544,[23484]
Austin Jackson,Miami Dolphins,American-Football,NFL,2,6545,[23472]
Robert Jones,Miami Dolphins,American-Football,NFL,2,6546,[23514]
Terron Armstead,Miami Dolphins,American-Football,NFL,2,6547,[23518]
Emmanuel Ogbah,Miami Dolphins,American-Football,NFL,2,6548,[23486]
Jaelan Phillips,Miami Dolphins,American-Football,NFL,2,6550,[23491]
Duke Riley,Miami Dolphins,American-Football,NFL,2,6551,[23483]
Channing Tindall,Miami Dolphins,American-Football,NFL,2,6552,[23477]
Kader Kohou,Miami Dolphins,American-Football,NFL,2,6553,[23502]
Elijah Campbell,Miami Dolphins,American-Football,NFL,2,6555,[23485]
Jason Sanders,Miami Dolphins,American-Football,NFL,2,6557,[23494]
Marcus Maye,Miami Dolphins,American-Football,NFL,2,6559,[23507]
Jalen Ramsey,Miami Dolphins,American-Football,NFL,2,6563,[23493]
Malik Washington,Miami Dolphins,American-Football,NFL,2,6569,[23506]
Grant DuBose,Miami Dolphins,American-Football,NFL,2,6571,[23489]
Jaylen Wright,Miami Dolphins,American-Football,NFL,2,6573,[23496]
Chop Robinson,Miami Dolphins,American-Football,NFL,2,6574,[23479]
Mohamed Kamara,Miami Dolphins,American-Football,NFL,2,6578,[23509]
Brandon Pili,Miami Dolphins,American-Football,NFL,2,6580,[23474]
Ethan Bonner,Miami Dolphins,American-Football,NFL,2,6589,[23488]
Julian Hill,Miami Dolphins,American-Football,NFL,2,6590,[23501]
Folorunso Fatukasi,Houston Texans,American-Football,NFL,2,6594,[23151]
Myles Bryant,Houston Texans,American-Football,NFL,2,6596,[23172]
Del'Shawn Phillips,Houston Texans,American-Football,NFL,2,6597,[23144]
Robert Woods,Houston Texans,American-Football,NFL,2,6598,[23177]
Joe Mixon,Houston Texans,American-Football,NFL,2,6608,[23159]
Derek Barnett,Houston Texans,American-Football,NFL,2,6610,[23146]
Azeez Al-Shaair,Houston Texans,American-Football,NFL,2,6612,[23130]
Jimmie Ward,Houston Texans,American-Football,NFL,2,6613,[23158]
Case Keenum,Houston Texans,American-Football,NFL,2,6615,[23138]
Kendrick Green,Houston Texans,American-Football,NFL,2,6620,[23165]
Shaq Mason,Houston Texans,American-Football,NFL,2,6621,[23179]
Khalil Davis,Houston Texans,American-Football,NFL,2,6622,[23167]
Davis Mills,Houston Texans,American-Football,NFL,2,6624,[23143]
Dare Ogunbowale,Houston Texans,American-Football,NFL,2,6625,[23142]
Dameon Pierce,Houston Texans,American-Football,NFL,2,6626,[23140]
Nico Collins,Houston Texans,American-Football,NFL,2,6627,[23175]
John Metchie III,Houston Texans,American-Football,NFL,2,6628,[23160]
Brevin Jordan,Houston Texans,American-Football,NFL,2,6629,[23132]
Jerry Hughes,Houston Texans,American-Football,NFL,2,6633,[23157]
Jake Hansen,Houston Texans,American-Football,NFL,2,6635,[23153]
Neville Hewitt,Houston Texans,American-Football,NFL,2,6637,[23173]
Eric Murray,Houston Texans,American-Football,NFL,2,6640,[23149]
Jalen Pitre,Houston Texans,American-Football,NFL,2,6641,[23154]
M.J. Stewart,Houston Texans,American-Football,NFL,2,6642,[23170]
Ka'imi Fairbairn,Houston Texans,American-Football,NFL,2,6643,[23163]
Dalton Schultz,Houston Texans,American-Football,NFL,2,6646,[23139]
Cam Akers,Houston Texans,American-Football,NFL,2,6647,[23137]
Danielle Hunter,Houston Texans,American-Football,NFL,2,6651,[23141]
Kris Boyd,Houston Texans,American-Football,NFL,2,6652,[23168]
British Brooks,Houston Texans,American-Football,NFL,2,6657,[23133]
Juice Scruggs,Houston Texans,American-Football,NFL,2,6660,[23162]
Henry To'oTo'o,Houston Texans,American-Football,NFL,2,6663,[23152]
C.J. Stroud,Houston Texans,American-Football,NFL,2,6664,[23134]
Cade Stover,Houston Texans,American-Football,NFL,2,6665,[23135]
Blake Fisher,Houston Texans,American-Football,NFL,2,6666,[23131]
Kamari Lassiter,Houston Texans,American-Football,NFL,2,6667,[23164]
Jamal Hill,Houston Texans,American-Football,NFL,2,6668,[23155]
Calen Bullock,Houston Texans,American-Football,NFL,2,6670,[23136]
Derek Carr,New Orleans Saints,American-Football,NFL,2,6679,[23629]
Foster Moreau,New Orleans Saints,American-Football,NFL,2,6680,[23636]
Jamaal Williams,New Orleans Saints,American-Football,NFL,2,6691,[23640]
Equanimeous St. Brown,New Orleans Saints,American-Football,NFL,2,6699,[23633]
Khalen Saunders,New Orleans Saints,American-Football,NFL,2,6702,[23649]
Chase Young,New Orleans Saints,American-Football,NFL,2,6704,[23625]
Cedrick Wilson Jr.,New Orleans Saints,American-Football,NFL,2,6707,[23623]
Alvin Kamara,New Orleans Saints,American-Football,NFL,2,6708,[23617]
Adam Prentice,New Orleans Saints,American-Football,NFL,2,6709,[23616]
Chris Olave,New Orleans Saints,American-Football,NFL,2,6711,[23626]
Rashid Shaheed,New Orleans Saints,American-Football,NFL,2,6712,[23661]
Juwan Johnson,New Orleans Saints,American-Football,NFL,2,6714,[23646]
Cameron Jordan,New Orleans Saints,American-Football,NFL,2,6716,[23622]
Marshon Lattimore,New Orleans Saints,American-Football,NFL,2,6725,[23655]
Bub Means,New Orleans Saints,American-Football,NFL,2,6736,[23620]
A.T. Perry,New Orleans Saints,American-Football,NFL,2,6737,[23615]
Jake Haener,New Orleans Saints,American-Football,NFL,2,6740,[23638]
Jordan Mims,New Orleans Saints,American-Football,NFL,2,6741,[23645]
Dallin Holker,New Orleans Saints,American-Football,NFL,2,6750,[23627]
Spencer Rattler,New Orleans Saints,American-Football,NFL,2,6755,[23664]
Mason Tipton,New Orleans Saints,American-Football,NFL,2,6762,[23656]
Jarrett Stidham,Denver Broncos,American-Football,NFL,2,6766,[23015]
Lil'Jordan Humphrey,Denver Broncos,American-Football,NFL,2,6767,[23022]
Ben Powers,Denver Broncos,American-Football,NFL,2,6770,[22997]
Josh Reynolds,Denver Broncos,American-Football,NFL,2,6773,[23017]
Zach Allen,Denver Broncos,American-Football,NFL,2,6775,[23041]
Michael Burton,Denver Broncos,American-Football,NFL,2,6782,[23030]
Lucas Krull,Denver Broncos,American-Football,NFL,2,6789,[23023]
Adam Trautman,Denver Broncos,American-Football,NFL,2,6790,[22992]
Javonte Williams,Denver Broncos,American-Football,NFL,2,6794,[23016]
Tim Patrick,Denver Broncos,American-Football,NFL,2,6795,[23036]
Courtland Sutton,Denver Broncos,American-Football,NFL,2,6796,[23004]
Jalen Virgil,Denver Broncos,American-Football,NFL,2,6797,[23014]
Greg Dulcich,Denver Broncos,American-Football,NFL,2,6798,[23011]
Luke Wattenberg,Denver Broncos,American-Football,NFL,2,6799,[23024]
Quinn Meinerz,Denver Broncos,American-Football,NFL,2,6800,[23034]
Blake Watson,Denver Broncos,American-Football,NFL,2,6826,[22998]
Audric Estime,Denver Broncos,American-Football,NFL,2,6828,[22996]
Bo Nix,Denver Broncos,American-Football,NFL,2,6829,[22999]
Troy Franklin,Denver Broncos,American-Football,NFL,2,6830,[23039]
Alex Forsyth,Denver Broncos,American-Football,NFL,2,6831,[22994]
Devaughn Vele,Denver Broncos,American-Football,NFL,2,6832,[23007]
Nate Adkins,Denver Broncos,American-Football,NFL,2,6844,[23033]
Jaleel McLaughlin,Denver Broncos,American-Football,NFL,2,6846,[23013]
Brock Hoffman,Dallas Cowboys,American-Football,NFL,2,6855,[22956]
Carl Lawson,Dallas Cowboys,American-Football,NFL,2,6857,[22957]
Trey Lance,Dallas Cowboys,American-Football,NFL,2,6858,[22987]
Brandin Cooks,Dallas Cowboys,American-Football,NFL,2,6866,[22953]
Dak Prescott,Dallas Cowboys,American-Football,NFL,2,6868,[22962]
Cooper Rush,Dallas Cowboys,American-Football,NFL,2,6869,[22961]
Rico Dowdle,Dallas Cowboys,American-Football,NFL,2,6871,[22983]
Ezekiel Elliott,Dallas Cowboys,American-Football,NFL,2,6872,[22965]
CeeDee Lamb,Dallas Cowboys,American-Football,NFL,2,6873,[22958]
Jalen Tolbert,Dallas Cowboys,American-Football,NFL,2,6874,[22970]
KaVontae Turpin,Dallas Cowboys,American-Football,NFL,2,6875,[22975]
Jake Ferguson,Dallas Cowboys,American-Football,NFL,2,6876,[22968]
Tyler Smith,Dallas Cowboys,American-Football,NFL,2,6879,[22989]
Matt Waletzko,Dallas Cowboys,American-Football,NFL,2,6880,[22980]
Micah Parsons,Dallas Cowboys,American-Football,NFL,2,6886,[22981]
Malik Hooker,Dallas Cowboys,American-Football,NFL,2,6892,[22978]
Asim Richards,Dallas Cowboys,American-Football,NFL,2,6906,[22952]
Luke Schoonmaker,Dallas Cowboys,American-Football,NFL,2,6919,[22977]
Tyler Guyton,Dallas Cowboys,American-Football,NFL,2,6921,[22988]
Ryan Flournoy,Dallas Cowboys,American-Football,NFL,2,6926,[22984]
Deuce Vaughn,Dallas Cowboys,American-Football,NFL,2,6928,[22964]
Cooper Beebe,Dallas Cowboys,American-Football,NFL,2,6929,[22960]
John Stephens Jr.,Dallas Cowboys,American-Football,NFL,2,6933,[22973]
Jalen Brooks,Dallas Cowboys,American-Football,NFL,2,6935,[22969]
Hunter Luepke,Dallas Cowboys,American-Football,NFL,2,6938,[22966]
J.K. Dobbins,Los Angeles Chargers,American-Football,NFL,2,6947,[23390]
Gus Edwards,Los Angeles Chargers,American-Football,NFL,2,6948,[23385]
Hassan Haskins,Los Angeles Chargers,American-Football,NFL,2,6949,[23386]
Bud Dupree,Los Angeles Chargers,American-Football,NFL,2,6951,[23376]
Hayden Hurst,Los Angeles Chargers,American-Football,NFL,2,6957,[23387]
Taylor Heinicke,Los Angeles Chargers,American-Football,NFL,2,6961,[23412]
Bradley Bozeman,Los Angeles Chargers,American-Football,NFL,2,6963,[23372]
Will Dissly,Los Angeles Chargers,American-Football,NFL,2,6964,[23416]
Simi Fehoko,Los Angeles Chargers,American-Football,NFL,2,6968,[23409]
Justin Herbert,Los Angeles Chargers,American-Football,NFL,2,6969,[23400]
Easton Stick,Los Angeles Chargers,American-Football,NFL,2,6970,[23383]
Isaiah Spiller,Los Angeles Chargers,American-Football,NFL,2,6971,[23389]
Joshua Palmer,Los Angeles Chargers,American-Football,NFL,2,6972,[23399]
Donald Parham Jr.,Los Angeles Chargers,American-Football,NFL,2,6973,[23382]
Stone Smartt,Los Angeles Chargers,American-Football,NFL,2,6974,[23411]
Rashawn Slater,Los Angeles Chargers,American-Football,NFL,2,6975,[23406]
Joey Bosa,Los Angeles Chargers,American-Football,NFL,2,6978,[23396]
Khalil Mack,Los Angeles Chargers,American-Football,NFL,2,6979,[23401]
Derius Davis,Los Angeles Chargers,American-Football,NFL,2,7005,[23379]
Quentin Johnston,Los Angeles Chargers,American-Football,NFL,2,7006,[23405]
Ladd McConkey,Los Angeles Chargers,American-Football,NFL,2,7009,[23403]
Brenden Rice,Los Angeles Chargers,American-Football,NFL,2,7014,[23374]
Kimani Vidal,Los Angeles Chargers,American-Football,NFL,2,7018,[23402]
Darious Williams,Los Angeles Rams,American-Football,NFL,2,7037,[23432]
Demarcus Robinson,Los Angeles Rams,American-Football,NFL,2,7038,[23434]
Jimmy Garoppolo,Los Angeles Rams,American-Football,NFL,2,7043,[23442]
Kamren Curl,Los Angeles Rams,American-Football,NFL,2,7045,[23449]
Kevin Dotson,Los Angeles Rams,American-Football,NFL,2,7048,[23451]
Ahkello Witherspoon,Los Angeles Rams,American-Football,NFL,2,7049,[23419]
Colby Parkinson,Los Angeles Rams,American-Football,NFL,2,7050,[23431]
Hunter Long,Los Angeles Rams,American-Football,NFL,2,7052,[23438]
Neville Gallimore,Los Angeles Rams,American-Football,NFL,2,7055,[23458]
Matthew Stafford,Los Angeles Rams,American-Football,NFL,2,7057,[23456]
Ronnie Rivers,Los Angeles Rams,American-Football,NFL,2,7058,[23464]
Kyren Williams,Los Angeles Rams,American-Football,NFL,2,7059,[23453]
Tutu Atwell,Los Angeles Rams,American-Football,NFL,2,7060,[23468]
Michael Hoecht,Los Angeles Rams,American-Football,NFL,2,7066,[23457]
Jake Hummel,Los Angeles Rams,American-Football,NFL,2,7068,[23439]
Christian Rozeboom,Los Angeles Rams,American-Football,NFL,2,7069,[23428]
Cobie Durant,Los Angeles Rams,American-Football,NFL,2,7070,[23429]
Quentin Lake,Los Angeles Rams,American-Football,NFL,2,7072,[23462]
Jared Verse,Los Angeles Rams,American-Football,NFL,2,7076,[23440]
Charles Woods,Los Angeles Rams,American-Football,NFL,2,7079,[23427]
Kobie Turner,Los Angeles Rams,American-Football,NFL,2,7080,[23452]
Byron Young,Los Angeles Rams,American-Football,NFL,2,7081,[23426]
Jaylen McCollough,Los Angeles Rams,American-Football,NFL,2,7082,[23441]
Desjuan Johnson,Los Angeles Rams,American-Football,NFL,2,7083,[23435]
Cody Schrader,Los Angeles Rams,American-Football,NFL,2,7084,[23430]
Braden Fiske,Los Angeles Rams,American-Football,NFL,2,7085,[23425]
Steve Avila,Los Angeles Rams,American-Football,NFL,2,7086,[23467]
Stetson Bennett,Los Angeles Rams,American-Football,NFL,2,7088,[23466]
Blake Corum,Los Angeles Rams,American-Football,NFL,2,7089,[23423]
Kamren Kinchens,Los Angeles Rams,American-Football,NFL,2,7093,[23450]
Beaux Limmer,Los Angeles Rams,American-Football,NFL,2,7094,[23422]
Puka Nacua,Los Angeles Rams,American-Football,NFL,2,7096,[23461]
Nick Hampton,Los Angeles Rams,American-Football,NFL,2,7097,[23459]
Josh Wallace,Los Angeles Rams,American-Football,NFL,2,7102,[23446]
Joshua Karty,Los Angeles Rams,American-Football,NFL,2,7104,[23447]
Jordan Whittington,Los Angeles Rams,American-Football,NFL,2,7106,[23445]
Omar Speights,Los Angeles Rams,American-Football,NFL,2,7109,[23460]
Davis Allen,Los Angeles Rams,American-Football,NFL,2,7111,[23433]
Shaquill Griffin,Minnesota Vikings,American-Football,NFL,2,7119,[23558]
Josh Oliver,Minnesota Vikings,American-Football,NFL,2,7122,[23546]
T.J. Hockenson,Minnesota Vikings,American-Football,NFL,2,7124,[23559]
Byron Murphy Jr.,Minnesota Vikings,American-Football,NFL,2,7127,[23529]
Aaron Jones,Minnesota Vikings,American-Football,NFL,2,7128,[23519]
N'Keal Harry,Minnesota Vikings,American-Football,NFL,2,7129,[23553]
Myles Gaskin,Minnesota Vikings,American-Football,NFL,2,7135,[23552]
Brandon Powell,Minnesota Vikings,American-Football,NFL,2,7145,[23525]
Nick Mullens,Minnesota Vikings,American-Football,NFL,2,7147,[23554]
Ty Chandler,Minnesota Vikings,American-Football,NFL,2,7148,[23563]
Kene Nwangwu,Minnesota Vikings,American-Football,NFL,2,7149,[23548]
C.J. Ham,Minnesota Vikings,American-Football,NFL,2,7150,[23530]
Trishton Jackson,Minnesota Vikings,American-Football,NFL,2,7151,[23562]
Justin Jefferson,Minnesota Vikings,American-Football,NFL,2,7152,[23547]
Jalen Nailor,Minnesota Vikings,American-Football,NFL,2,7153,[23542]
Johnny Mundt,Minnesota Vikings,American-Football,NFL,2,7154,[23543]
Nick Muse,Minnesota Vikings,American-Football,NFL,2,7155,[23555]
Christian Darrisaw,Minnesota Vikings,American-Football,NFL,2,7156,[23532]
Brian O'Neill,Minnesota Vikings,American-Football,NFL,2,7157,[23528]
Harrison Smith,Minnesota Vikings,American-Football,NFL,2,7168,[23540]
J.J. McCarthy,Minnesota Vikings,American-Football,NFL,2,7183,[23541]
Jordan Addison,Minnesota Vikings,American-Football,NFL,2,7186,[23544]
Jalen Catalon,UNLV,American-Football,NCAA,2,7539,[7572]
Evan Burkhart,Cal Poly,American-Football,NCAA,2,10316,[10367]
Aaron Young,Old Dominion,American-Football,NCAA,2,10746,[10769]
Will Johnson,Michigan,American-Football,NCAA,2,11934,[11948]
Jamareeh Jones,Boston College,American-Football,NCAA,2,13581,[13602]
Joshua Eaton,Texas State,American-Football,NCAA,2,14860,[14915]
Tre Bradford,Grambling,American-Football,NCAA,2,16132,[16145]
Reggie Grimes,Memphis,American-Football,NCAA,2,16219,[16265]
Jalin Conyers,Texas Tech,American-Football,NCAA,2,16572,[16641]
Team,Robert Morris,American-Football,NCAA,2,18405,[18408]
Samario Rudolph,Jacksonville State,American-Football,NCAA,2,19594,[19658]
Jaylen Lane,Prairie View A&M,American-Football,NCAA,2,21140,[21175]
Christos Mandas,Lazio,Soccer,Serie A,2,28459,[28460]
Milan Đurić,Parma Calcio 1913,Soccer,Serie A,2,28607,[28608]
Lorenzo Lucca,Udinese,Soccer,Serie A,2,28695,[28696]
Grégoire Coudert,Brest,Soccer,Ligue 1,2,28836,[28837]
Matias Fernandez-Pardo,Lille,Soccer,Ligue 1,2,28941,[28942]
Jeffrey de Lange,Marseille,Soccer,Ligue 1,2,28990,[28991]
Soungoutou Magassa,Monaco,Soccer,Ligue 1,2,29031,[29032]
Djaoui Cissé,Rennes,Soccer,Ligue 1,2,29180,[29181]
Jeffrey Gal,Chicago Fire,Soccer,MLS,2,29483,[29484]
Peyton Miller,New England Revolution,Soccer,MLS,2,29838,[29839]
